player_id,fpl_minutes,fpl_starts,fpl_influence,fpl_creativity,fpl_threat,fpl_bps,fpl_defensive_contribution,fpl_recoveries,fpl_tackles,fpl_clearances_blocks_interceptions,fpl_expected_goals_conceded,fpl_goals_conceded,fpl_clean_sheets,fpl_expected_goals,fpl_expected_assists
3333,772,7,139.0,151.4,59.0,158,80,40,15,25,12.82,17,2,1.03,0.66
16306,2575,33,903.6,536.1,585.0,636,355,135,90,130,31.77,32,9,5.44,3.17
51471,125,1,46.0,65.5,3.0,41,18,10,2,6,4.0,3,0,0.13,0.42
61651,1911,22,336.6,358.3,49.0,343,183,98,27,58,28.16,28,6,0.33,2.31
61841,1073,14,176.2,76.6,18.0,185,70,29,15,55,18.18,16,6,0.0,0.23
63200,40,0,2.2,1.9,44.0,11,2,2,0,0,2.37,3,0,0.25,0.04
67063,2249,26,578.8,309.7,803.0,511,112,49,24,39,31.68,28,10,12.36,1.4
68390,19,1,7.0,19.3,0.0,13,2,2,0,2,0.43,1,0,0.0,0.17
72476,3420,38,816.2,0.0,0.0,556,0,318,4,46,52.73,51,9,0.0,0.02
74960,3150,35,976.4,0.0,0.0,436,0,291,1,59,71.26,71,4,0.0,0.04
75489,407,5,26.0,85.1,130.0,28,19,10,2,7,8.59,11,1,0.93,0.21
82873,1636,18,397.2,668.2,220.0,389,145,76,29,40,20.36,17,6,1.39,3.95
85177,592,7,105.2,55.0,33.0,50,50,17,16,34,10.44,12,0,0.43,0.6
85941,270,3,68.6,0.0,0.0,38,0,8,0,1,4.65,4,1,0.0,0.01
95424,3095,35,506.0,237.2,28.0,242,212,155,56,156,67.53,66,4,0.15,1.29
95810,1586,18,288.0,488.5,14.0,225,82,74,25,57,21.28,27,5,0.08,2.06
99397,1980,22,531.4,0.0,0.0,334,0,202,1,30,28.36,27,5,0.0,0.05
105470,2340,26,479.8,0.1,0.0,389,0,229,0,37,29.58,31,8,0.0,0.03
108725,896,11,139.0,88.4,266.0,145,29,14,1,14,14.44,14,2,4.29,0.32
110864,1080,12,308.0,0.1,0.0,117,0,107,2,24,18.59,24,0,0.0,0.02
111195,1047,9,247.0,80.5,68.0,176,99,40,31,68,17.27,13,2,1.15,0.2
111455,2901,32,685.0,595.3,101.0,603,362,178,50,134,45.68,39,9,1.01,3.73
111873,2835,32,769.8,23.2,0.0,530,0,272,0,27,42.92,39,7,0.0,0.08
118534,2588,29,770.4,47.4,299.0,404,302,87,37,265,44.52,42,7,2.3,0.49
120629,1800,20,570.4,10.0,0.0,220,0,142,0,30,35.3,37,0,0.0,0.0
123275,756,6,153.4,195.6,64.0,181,61,42,7,12,11.67,10,2,1.21,0.81
123682,1234,11,305.2,109.0,509.0,296,41,27,4,10,21.49,24,1,7.6,0.54
124884,585,6,139.2,0.0,0.0,75,0,53,0,10,11.02,10,1,0.0,0.0
126664,1842,21,400.2,455.5,130.0,381,113,63,36,77,27.79,23,7,0.67,3.28
126665,2094,25,382.6,259.2,208.0,419,218,116,43,59,31.26,26,5,1.99,1.84
127202,2667,30,730.0,10.0,0.0,431,0,197,1,26,45.12,39,7,0.0,0.06
130164,3420,38,885.2,20.3,2.0,545,0,313,2,52,56.24,50,11,0.0,0.2
131978,844,7,227.8,162.3,191.0,221,74,45,14,15,13.2,15,1,1.58,1.26
131996,634,9,115.6,108.4,135.0,118,40,18,11,11,9.74,9,3,0.48,0.25
134270,2195,25,525.8,107.3,186.0,286,225,76,40,185,30.15,36,6,1.08,0.36
135343,1089,11,291.2,63.6,108.0,186,115,42,14,101,13.85,13,4,0.97,0.6
136401,270,3,65.4,0.0,0.0,24,0,26,0,5,5.1,7,0,0.0,0.0
139208,3420,38,1169.4,215.9,490.0,593,352,87,23,329,47.63,53,10,3.77,1.44
144028,1997,21,494.0,545.5,541.0,445,133,80,27,26,13.94,15,11,5.6,3.59
146310,170,1,56.0,18.1,6.0,49,23,3,7,13,4.11,5,1,0.04,0.05
148153,2837,31,649.6,125.5,210.0,443,231,135,35,196,41.9,40,7,1.83,0.56
148367,101,1,23.4,5.5,10.0,28,16,4,3,9,2.28,1,0,0.08,0.04
148455,2144,23,524.8,740.7,805.0,392,109,81,17,11,30.94,35,7,8.23,5.44
171679,786,11,132.4,51.1,20.0,59,66,28,16,50,14.13,15,1,0.09,0.19
173504,3330,37,995.6,235.6,422.0,592,376,90,51,325,53.54,48,11,2.53,2.1
177476,686,6,132.4,111.7,78.0,151,46,17,9,37,9.85,9,3,0.72,0.53
177907,1649,19,381.6,62.5,184.0,315,151,62,22,129,22.95,20,7,1.12,0.5
181380,125,2,21.8,20.1,7.0,4,10,3,4,6,2.09,2,0,0.07,0.08
181579,1092,12,215.0,384.4,22.0,248,109,49,16,44,23.32,27,2,0.24,1.87
183288,3220,38,560.2,314.8,97.0,449,224,105,75,149,44.9,45,10,0.72,1.98
183318,19,0,10.2,0.0,7.0,0,5,0,0,5,0.55,2,0,0.04,0.0
184528,45,1,1.4,1.2,0.0,-8,1,0,0,1,0.25,2,0,0.0,0.0
184573,942,11,167.8,36.6,22.0,124,54,19,7,47,15.93,15,1,0.28,0.1
186590,436,5,101.8,24.4,4.0,55,30,19,1,29,6.62,10,1,0.0,0.09
188077,978,9,226.6,197.0,220.0,214,123,62,27,34,19.14,14,3,1.81,0.79
192080,2416,27,671.0,0.0,35.0,414,0,254,1,35,32.89,38,7,0.16,0.0
192279,90,1,19.8,0.0,0.0,11,0,8,0,3,0.98,1,0,0.0,0.0
192765,136,2,67.4,22.2,52.0,29,14,5,5,9,1.11,3,0,0.49,0.07
193116,2136,28,459.8,605.3,309.0,443,150,89,29,32,33.08,28,8,3.0,4.11
199527,1606,19,330.8,393.7,346.0,314,90,47,16,27,24.35,20,8,3.07,2.66
201574,45,0,1.2,0.0,0.0,4,0,4,0,1,0.21,0,0,0.0,0.0
203460,1627,18,374.2,520.5,397.0,356,135,88,20,27,25.81,23,7,2.05,3.37
203853,352,4,80.8,83.4,22.0,56,24,17,10,14,5.02,6,0,0.07,0.36
204103,376,1,33.4,73.8,70.0,74,18,14,2,2,8.38,12,0,0.69,0.57
206040,2183,27,479.4,331.5,729.0,410,132,55,35,42,34.95,28,9,11.58,0.9
206746,1791,21,416.0,214.1,108.0,318,165,82,65,100,25.79,25,6,0.92,1.46
207014,1560,19,198.0,322.9,90.0,217,148,66,28,54,25.35,18,5,1.11,1.94
209212,38,0,7.4,2.2,23.0,18,5,3,2,0,0.58,1,0,0.04,0.02
226049,212,2,83.8,0.0,0.0,34,0,22,0,4,4.76,4,0,0.0,0.0
226973,89,1,42.0,44.4,11.0,48,6,5,0,1,3.43,4,0,0.13,0.45
234803,1165,11,239.8,318.8,121.0,216,55,40,12,43,17.44,16,4,1.1,1.4
236490,1587,18,285.2,160.3,58.0,264,130,81,31,99,25.31,19,6,0.41,0.84
236953,8,0,5.4,0.0,0.0,1,3,1,1,2,1.01,1,0,0.0,0.0
240306,3065,35,1258.0,1938.5,614.0,1008,287,167,53,67,44.42,46,7,10.79,12.28
240692,1966,23,376.4,130.2,39.0,281,164,90,39,125,26.72,27,6,0.13,0.62
241641,2869,34,514.0,809.0,353.0,534,262,146,54,62,35.59,30,13,2.71,4.11
242606,1513,18,342.0,218.1,98.0,321,173,73,32,68,32.5,29,3,0.94,1.36
242631,2420,29,511.2,739.4,343.0,508,188,126,27,35,35.7,40,5,1.91,4.7
245056,1730,20,317.6,441.6,176.0,314,183,71,49,63,27.64,22,6,2.23,1.91
249089,872,8,206.8,183.8,12.0,190,143,62,25,56,14.0,19,1,0.07,0.52
249565,1857,21,432.0,513.6,184.0,417,203,94,58,51,31.34,27,4,1.14,3.26
249994,2070,23,514.2,10.0,0.0,303,0,217,1,46,35.24,37,4,0.0,0.04
250426,1141,14,145.0,85.0,191.0,129,37,15,8,14,22.93,20,3,2.77,0.85
251106,214,0,70.2,25.0,104.0,83,23,7,1,15,6.16,3,0,2.0,0.07
253677,1322,15,282.6,80.5,105.0,169,107,47,5,102,23.37,23,3,1.3,0.42
256178,594,7,122.8,77.8,31.0,94,46,20,10,36,9.31,14,2,0.28,0.64
257455,2192,23,638.0,147.8,295.0,518,302,92,110,100,32.6,37,5,2.72,0.65
258004,2139,24,560.8,152.2,96.0,453,167,74,13,154,26.07,22,12,0.57,0.65
258878,788,8,240.4,33.3,19.0,130,97,22,17,80,13.25,14,2,0.11,0.4
258889,997,11,205.0,84.1,339.0,187,71,33,22,16,17.8,21,0,2.97,0.34
258919,3330,37,837.8,10.0,0.0,538,0,298,1,55,51.4,51,11,0.0,0.11
260827,2882,33,790.6,131.0,148.0,424,329,114,45,284,44.88,45,8,1.43,1.83
262226,1838,20,373.0,292.2,195.0,294,146,56,40,106,32.66,31,3,1.5,1.47
262749,3330,37,541.6,33.5,0.0,633,0,304,1,37,27.56,26,19,0.0,0.07
262980,1722,18,287.6,207.2,233.0,296,220,102,28,90,25.11,25,7,1.84,1.48
263236,1489,17,407.0,49.5,96.0,219,192,45,27,165,20.15,25,4,0.62,0.28
270171,1434,15,350.4,351.8,97.0,334,183,85,27,71,26.62,21,5,0.82,2.27
272622,812,8,190.8,8.0,31.0,103,61,19,6,55,12.42,13,1,0.8,0.05
277033,1188,13,236.2,384.5,434.0,215,94,56,19,19,20.25,20,5,5.81,3.4
279455,2674,32,707.2,661.1,601.0,637,177,82,29,66,40.14,38,9,5.88,4.77
282939,565,5,103.0,27.6,40.0,90,43,10,6,37,9.24,7,2,0.15,0.13
283628,2190,24,526.6,191.9,483.0,428,224,66,43,115,38.47,43,7,5.73,0.52
284857,2706,31,562.8,577.8,309.0,468,182,113,55,127,41.45,39,9,2.34,3.23
286047,2790,31,709.2,10.1,0.0,412,0,247,1,35,46.21,50,7,0.0,0.04
292246,1439,18,163.4,216.5,166.0,165,96,57,10,29,23.37,29,2,2.37,1.57
293194,99,0,12.6,24.1,8.0,9,9,3,3,6,0.9,2,0,0.04,0.07
293281,1014,10,121.0,212.4,140.0,123,63,31,12,20,23.46,29,3,1.37,1.16
294057,34,0,2.8,9.5,15.0,5,5,4,1,0,0.65,0,0,0.21,0.06
295313,480,3,177.2,79.0,235.0,170,26,18,2,6,10.35,4,1,3.68,0.77
296802,90,1,22.8,0.0,0.0,29,0,9,0,1,1.12,0,1,0.0,0.0
297212,2952,33,707.2,137.3,242.0,373,274,85,37,237,48.54,53,6,1.4,0.56
306024,2721,30,619.6,311.1,1026.0,472,105,46,10,49,35.74,34,8,15.57,1.06
309400,577,7,152.6,134.6,210.0,143,32,14,8,10,6.68,4,4,3.31,0.64
314241,1752,18,298.0,185.1,111.0,232,186,64,48,74,39.2,41,2,0.87,0.48
314288,1065,10,290.4,153.5,434.0,268,57,30,12,15,21.84,23,3,7.25,1.58
314367,1058,11,180.0,283.9,226.0,189,67,50,11,6,24.61,18,1,1.49,1.84
314875,3406,38,881.4,694.0,813.0,731,281,159,49,73,58.16,63,8,7.22,5.21
315858,3060,34,666.6,10.3,2.0,567,0,236,0,42,38.5,29,15,0.0,0.13
316264,1363,16,311.8,564.4,168.0,306,102,70,19,13,16.2,13,6,1.25,3.65
318508,799,9,215.6,82.2,12.0,171,78,54,16,62,10.87,10,3,0.05,0.47
319301,547,6,70.8,133.1,133.0,93,35,19,7,9,14.39,16,1,0.91,0.71
319859,2239,26,435.6,632.7,201.0,465,220,118,40,62,35.72,33,9,2.21,6.06
321247,1753,21,427.0,402.1,398.0,382,197,109,49,39,28.03,24,3,3.38,2.23
324358,2833,33,720.2,330.9,1206.0,623,94,49,22,23,43.39,38,9,15.4,1.18
325443,2217,26,539.6,271.7,772.0,474,85,55,7,23,17.81,14,12,12.26,1.94
326029,640,5,183.4,99.7,290.0,161,16,10,4,2,10.59,10,1,4.03,0.35
326031,1170,13,276.6,60.2,122.0,169,107,40,19,88,18.73,20,1,1.38,0.83
328658,1805,20,401.4,59.1,165.0,211,192,59,37,155,31.51,32,5,0.69,0.73
330659,945,10,148.0,305.1,135.0,147,65,46,10,9,17.96,19,4,2.31,1.55
331726,278,2,87.2,49.2,136.0,93,13,6,4,3,5.12,8,0,2.05,0.36
332705,1769,21,387.0,158.2,115.0,346,232,96,53,83,27.18,28,7,0.63,0.63
333014,2904,34,437.8,365.1,105.0,503,280,132,57,91,43.09,45,8,1.54,1.5
333241,1950,23,324.4,296.3,329.0,304,238,122,43,73,28.75,27,5,2.36,1.35
335721,699,9,154.8,133.4,54.0,181,53,28,15,38,8.68,6,5,0.45,0.69
336077,540,6,118.4,10.0,0.0,49,0,39,0,7,9.24,11,0,0.0,0.05
338424,1024,10,304.4,191.8,244.0,236,113,57,26,30,7.36,10,4,3.36,1.45
338629,429,5,98.6,6.3,19.0,73,49,13,8,41,8.71,5,2,0.2,0.01
339340,15,0,7.6,1.5,0.0,6,4,3,3,1,0.58,1,0,0.0,0.0
339556,1322,14,151.6,82.0,35.0,144,68,72,15,53,23.91,22,4,0.18,0.54
340321,2,0,0.4,11.3,4.0,5,1,1,0,0,0.05,0,0,0.08,0.0
340324,414,2,120.0,84.6,173.0,100,38,17,8,13,9.49,12,0,1.77,0.46
340325,118,0,42.6,32.6,29.0,39,23,16,4,3,3.02,2,0,0.71,0.11
340329,972,10,145.4,205.8,204.0,166,89,52,20,17,17.83,18,3,1.26,1.07
340456,977,11,209.0,122.4,37.0,233,94,46,28,66,12.99,10,5,0.19,0.35
340918,3330,37,913.8,23.0,0.0,570,0,301,1,48,53.48,49,10,0.0,0.22
341051,1378,15,267.0,124.5,106.0,219,93,59,44,49,27.62,25,4,1.13,0.37
341092,317,1,122.0,47.5,182.0,135,30,9,8,13,6.5,9,0,1.45,0.61
342046,1201,14,276.4,11.1,52.0,102,120,40,14,106,29.7,26,1,0.61,0.12
342385,175,2,9.8,6.0,2.0,30,15,10,1,4,2.59,2,1,0.03,0.04
344069,2369,28,650.0,921.4,315.0,550,266,120,65,81,34.05,36,7,2.88,4.47
344152,2,0,2.0,0.0,0.0,6,1,0,1,0,0.27,0,0,0.0,0.0
345911,2356,27,536.6,147.5,278.0,235,197,78,33,164,40.29,46,3,2.23,1.49
346314,2780,31,719.2,111.2,160.0,516,265,119,35,230,40.83,40,9,1.44,1.03
346483,1010,12,201.2,214.1,165.0,201,102,59,24,19,12.46,15,5,1.56,1.62
346707,1003,10,291.8,403.7,116.0,273,110,43,38,29,15.88,20,1,1.23,1.87
346890,1553,19,438.8,275.0,435.0,354,113,61,23,29,24.54,26,6,5.25,1.32
348026,2784,32,733.6,353.1,242.0,489,273,131,69,204,44.71,40,9,1.62,2.65
349066,694,8,146.4,39.2,191.0,140,30,13,7,10,8.38,9,1,2.59,0.08
349701,1487,17,375.0,334.6,82.0,280,136,98,48,88,24.12,19,4,1.07,1.58
352041,1440,16,322.4,0.0,0.0,153,0,100,0,16,26.68,29,3,0.0,0.0
353032,2797,32,749.0,138.1,279.0,400,312,103,32,280,44.52,40,10,1.62,0.91
354362,1880,23,349.0,197.8,124.0,366,278,131,56,91,23.65,25,8,0.72,0.84
355915,1869,22,574.8,133.6,223.0,305,197,88,58,139,28.32,33,5,1.39,1.25
356141,1899,22,239.2,350.1,155.0,331,208,108,62,38,26.04,28,6,1.64,3.24
357119,3090,36,779.2,160.5,119.0,532,293,118,53,240,40.66,45,10,1.19,0.98
357147,2609,29,535.8,458.5,202.0,414,180,135,53,127,36.57,40,7,1.93,2.57
357162,2100,25,421.0,234.5,56.0,357,313,113,89,111,46.26,45,2,0.64,0.52
357565,1510,17,358.0,421.5,122.0,350,206,107,42,57,20.74,15,5,1.15,2.45
357662,3093,35,827.2,1027.4,298.0,790,376,180,69,127,23.87,25,18,3.15,7.32
361093,1834,21,597.0,85.8,190.0,332,216,89,21,195,27.58,27,5,1.73,0.86
361914,180,2,39.0,3.9,8.0,-1,15,8,1,14,3.42,8,0,0.1,0.03
362108,2637,31,442.6,363.7,158.0,286,184,112,65,119,41.06,45,5,1.1,2.89
365108,1167,14,166.4,217.7,180.0,178,96,50,22,24,15.96,17,2,1.05,1.51
369316,3130,34,505.0,444.8,284.0,514,170,130,57,113,44.61,41,10,2.06,3.31
369567,14,0,1.0,4.3,2.0,1,2,1,0,1,0.1,0,0,0.0,0.01
369962,244,2,13.6,38.1,120.0,42,14,10,2,2,6.81,9,1,0.9,0.13
371851,1888,21,531.8,84.5,243.0,323,219,63,25,194,31.48,26,5,0.9,0.75
375885,2073,25,434.4,205.9,126.0,366,267,114,58,95,33.17,26,8,1.16,1.8
378710,1954,20,602.6,239.6,815.0,505,147,60,27,60,25.64,27,7,8.64,1.46
380350,103,1,25.8,10.6,0.0,10,13,3,0,13,4.66,3,0,0.0,0.0
381753,1318,15,199.4,171.0,64.0,245,114,51,23,40,25.27,23,5,0.49,0.86
381963,37,0,7.2,15.2,2.0,18,5,4,1,0,1.65,2,0,0.0,0.0
386047,1254,14,220.8,19.9,84.0,186,88,32,14,74,18.54,17,6,1.1,0.03
387626,450,3,71.2,160.4,69.0,69,48,31,10,7,7.03,9,0,0.5,1.46
388165,517,4,58.0,46.7,163.0,70,22,14,5,3,9.97,11,1,3.13,0.54
392179,1539,17,372.0,55.8,88.0,159,174,49,24,150,31.03,34,2,0.25,0.32
392757,3150,35,901.6,304.6,402.0,688,278,139,46,232,44.58,35,14,4.05,2.37
392765,1909,22,291.6,330.0,404.0,351,148,71,35,42,31.27,27,6,4.71,1.12
392768,1838,21,366.6,611.7,330.0,358,106,68,14,24,30.88,26,6,2.77,3.02
392770,457,7,52.8,91.5,28.0,78,33,17,10,6,12.15,8,1,0.25,0.28
392771,3119,35,592.2,384.8,166.0,586,416,184,81,151,48.66,49,8,2.47,2.2
392775,1816,20,413.8,225.0,229.0,332,218,74,48,96,26.33,29,6,1.6,1.8
393323,2449,30,482.8,486.7,498.0,446,216,130,50,36,37.07,32,9,4.53,3.6
394327,1410,17,325.0,241.3,75.0,282,149,65,38,46,20.8,15,5,0.53,0.84
397033,2534,31,398.0,534.1,198.0,477,257,147,35,75,36.19,38,7,1.75,2.87
398065,1951,19,404.0,387.5,682.0,349,100,67,13,20,30.3,31,5,6.84,2.72
399434,2732,31,656.8,816.6,605.0,552,251,150,39,62,41.06,44,11,9.06,4.6
399776,1673,18,321.8,47.1,79.0,280,112,79,22,90,22.81,19,5,1.33,0.39
400536,1620,18,422.0,20.0,0.0,282,0,168,0,20,23.98,28,7,0.0,0.01
401173,863,9,130.2,290.6,193.0,141,44,26,7,11,14.11,10,2,0.61,1.87
401922,1067,10,274.0,346.7,243.0,242,81,57,6,18,18.76,20,2,2.1,3.36
403151,3040,35,822.2,50.0,0.0,509,0,302,2,27,48.64,49,9,0.0,0.04
404842,2959,33,559.2,394.1,71.0,350,231,107,48,183,48.41,47,9,0.28,2.46
406634,202,2,65.4,67.7,63.0,48,10,2,5,3,2.53,3,1,1.21,0.18
406635,2078,23,583.2,918.8,520.0,563,160,102,34,24,27.38,19,11,6.03,4.76
410225,2173,24,479.8,269.4,601.0,359,137,79,18,40,31.25,29,9,10.93,1.17
410425,600,7,89.6,25.5,23.0,99,74,30,18,26,12.21,17,1,0.36,0.1
410708,2935,33,697.4,161.5,272.0,412,297,117,39,258,42.92,48,7,3.06,0.76
411537,1764,21,466.0,159.5,533.0,371,99,33,17,49,37.06,35,3,7.94,0.41
413039,2611,31,628.8,803.1,882.0,528,139,91,25,23,35.87,37,8,11.98,4.99
413220,1893,21,469.8,190.9,220.0,338,183,70,55,128,33.01,26,6,1.83,1.16
413403,3035,34,601.4,108.3,124.0,497,196,108,22,174,48.93,44,9,1.27,0.59
413507,3375,37,680.4,66.9,120.0,401,311,107,30,281,54.98,51,9,0.83,0.68
414908,872,9,163.6,61.8,196.0,131,80,20,21,39,13.36,19,0,1.64,0.38
415381,1901,23,477.0,291.1,209.0,398,269,102,66,101,23.95,26,6,1.92,1.86
415912,2532,27,777.2,66.6,294.0,386,313,103,40,273,41.03,44,6,2.47,0.7
415970,496,5,147.4,1.5,19.0,40,76,10,4,72,11.68,11,0,0.08,0.02
417346,262,1,30.0,49.4,35.0,51,24,13,5,6,3.82,5,0,0.28,0.23
418560,2953,34,1180.4,320.1,1520.0,952,104,41,15,48,38.6,32,13,25.5,2.67
420002,2210,25,567.2,160.6,786.0,397,125,57,10,58,31.77,29,8,14.42,1.32
420210,1681,17,274.6,135.7,102.0,231,113,73,37,76,30.92,23,3,0.79,0.85
420243,2452,28,499.0,402.6,352.0,532,148,97,66,82,17.45,20,13,4.71,1.53
421637,88,0,28.4,13.6,4.0,41,10,5,2,3,2.02,2,0,0.0,0.36
423440,2991,34,603.2,385.1,271.0,604,307,116,68,123,26.09,25,16,2.84,2.27
424015,238,3,65.6,6.4,17.0,67,31,14,10,21,3.67,2,2,0.03,0.04
425334,3016,34,643.0,510.7,221.0,450,186,88,66,120,45.45,38,8,1.14,2.94
425902,602,2,139.0,79.7,55.0,123,69,18,16,35,8.56,7,0,0.49,0.37
427568,1003,11,212.8,10.0,0.0,107,0,89,0,10,18.83,17,1,0.0,0.0
429014,3101,35,843.8,747.7,836.0,712,178,110,20,48,49.7,45,10,10.81,2.91
429915,1404,17,327.8,516.6,154.0,318,64,68,22,42,24.09,23,5,1.66,4.08
429983,2301,26,265.2,203.1,469.0,215,95,37,9,49,36.03,41,5,5.3,1.12
430310,156,2,31.6,52.3,2.0,49,22,14,6,2,4.03,4,0,0.0,0.17
432164,2293,28,420.6,240.7,726.0,407,123,61,24,38,38.77,37,9,6.48,1.26
432914,437,5,56.4,0.0,0.0,32,0,26,0,4,6.13,8,1,0.0,0.0
433177,2218,25,627.0,847.6,828.0,570,184,116,40,28,15.57,16,12,7.57,7.16
433188,1923,18,407.4,412.1,227.0,447,237,144,40,53,31.44,37,3,2.21,2.77
434224,3085,35,822.0,106.4,316.0,529,370,96,60,310,44.04,47,11,2.45,0.83
434675,2736,32,540.4,714.7,831.0,449,152,87,28,37,34.94,39,10,8.35,4.67
435648,607,5,164.4,177.7,245.0,146,44,21,9,14,9.41,8,2,2.74,0.34
438001,2552,28,611.2,131.8,259.0,310,216,66,51,165,43.72,47,4,2.28,1.45
442248,318,4,88.6,1.2,33.0,53,42,11,5,37,3.7,5,1,0.01,0.06
444523,1513,18,374.6,397.2,186.0,291,146,76,40,30,24.22,33,3,2.85,2.0
445939,691,8,203.2,159.8,284.0,182,39,20,13,6,7.92,5,4,2.78,0.77
447661,913,12,201.6,294.3,94.0,220,105,52,22,31,13.24,15,1,0.53,1.42
450050,1239,15,195.4,210.3,145.0,208,105,44,28,33,23.51,30,3,1.04,1.06
451276,3232,36,867.8,1324.6,417.0,780,338,186,56,96,45.63,52,9,4.76,6.83
455661,1896,24,447.2,314.4,425.0,399,105,53,24,28,25.67,29,8,6.59,1.53
460939,1623,19,340.0,347.8,435.0,337,100,58,10,32,18.82,18,7,4.61,2.35
461883,2532,28,574.0,152.2,115.0,392,205,119,62,143,38.01,40,7,1.71,0.35
463603,470,6,102.8,7.9,2.0,48,48,16,7,41,7.41,10,0,0.0,0.06
463605,1275,15,267.0,54.3,22.0,164,117,48,20,97,22.47,27,4,0.02,0.19
465555,3420,38,822.6,0.0,0.0,512,0,285,0,62,56.72,54,11,0.0,0.0
465717,2795,32,436.0,346.1,218.0,311,178,133,66,112,39.93,44,6,2.08,3.11
466805,1561,17,309.8,234.1,72.0,337,206,90,42,74,20.35,18,7,0.68,1.12
467623,1361,15,219.0,147.0,262.0,202,85,42,16,27,27.91,30,4,3.22,0.37
469050,2971,32,848.6,143.8,325.0,450,319,139,32,287,47.52,44,9,2.24,1.71
469781,3288,37,1114.4,367.8,201.0,571,419,155,62,357,54.77,53,11,1.53,4.72
470607,1710,19,223.4,311.1,230.0,217,121,55,29,37,28.29,24,6,2.45,1.31
472423,1957,20,459.0,483.7,116.0,493,128,101,48,80,28.75,20,8,1.04,3.2
473050,2744,32,536.8,380.1,821.0,385,190,94,42,54,40.05,34,11,12.08,2.05
473169,1920,22,333.4,200.5,552.0,309,74,44,9,21,31.4,30,6,6.02,0.67
474701,2470,29,445.8,460.9,546.0,412,215,120,45,50,37.57,42,8,5.43,3.35
475188,2629,30,619.4,601.1,438.0,598,230,134,52,44,40.38,39,8,4.35,5.34
475411,1718,20,463.6,65.6,74.0,288,206,81,19,187,25.81,25,4,0.72,0.6
475959,1370,16,369.0,109.5,218.0,303,103,49,17,86,16.05,13,6,2.25,0.7
476701,876,8,167.2,83.6,48.0,183,142,51,46,45,18.22,23,1,0.72,0.16
477758,2080,23,432.0,305.6,30.0,203,174,75,33,141,35.44,43,3,0.0,1.0
478573,2991,34,687.0,497.2,220.0,671,298,127,59,112,38.41,42,9,1.89,2.26
479999,1885,22,393.4,305.7,455.0,439,120,79,19,22,14.21,14,11,5.18,2.66
480762,1229,13,302.8,94.9,19.0,241,105,68,19,86,15.22,15,5,0.15,0.6
483348,2049,23,291.0,209.7,207.0,271,116,112,44,72,31.42,31,9,0.9,1.77
484547,1032,12,133.2,244.6,186.0,237,30,52,11,19,12.97,13,5,0.5,1.55
485583,423,6,101.4,87.8,13.0,38,40,16,13,27,9.36,13,0,0.02,0.36
485585,1590,17,336.6,373.4,231.0,242,128,82,43,85,26.64,27,2,1.26,2.39
485706,1755,21,413.2,152.6,178.0,353,219,72,48,99,28.53,26,6,1.68,0.69
486049,1773,19,540.2,841.6,645.0,526,126,88,23,15,23.2,18,8,2.87,5.86
487465,2629,30,523.0,836.2,505.0,543,122,84,19,19,37.54,33,11,4.59,6.84
487969,1655,21,169.6,267.3,287.0,150,114,64,28,22,25.24,31,4,2.07,1.63
488362,1183,14,190.6,205.9,154.0,211,124,73,22,29,19.03,23,2,1.23,0.7
488935,90,1,13.0,0.0,0.0,1,0,7,0,0,0.97,3,0,0.0,0.0
489359,1307,14,224.2,307.6,104.0,288,147,82,27,38,21.49,22,3,1.44,1.39
493003,2400,29,595.0,396.6,404.0,469,196,97,72,124,34.28,33,10,2.45,3.94
494237,1148,11,242.0,30.4,444.0,266,51,23,11,17,19.82,17,4,4.7,0.38
494880,935,11,249.6,47.2,14.0,155,117,40,16,101,14.7,11,2,0.05,0.53
495666,2614,30,552.6,201.0,90.0,581,193,113,35,158,20.41,20,15,0.88,1.21
497291,1168,17,264.8,193.5,138.0,229,143,58,56,29,23.21,20,3,1.47,0.77
500689,909,9,159.4,76.6,187.0,143,83,43,24,16,14.48,15,2,1.56,0.85
502676,867,10,275.6,0.0,0.0,139,0,76,1,10,13.29,18,2,0.0,0.0
502821,1697,22,283.0,182.3,313.0,389,102,74,32,70,9.72,8,13,3.36,0.76
503680,3203,36,804.0,572.3,380.0,531,247,164,96,151,51.36,48,9,2.01,3.97
503686,2144,24,662.8,181.2,370.0,340,264,69,33,231,33.2,35,6,2.46,0.63
503733,1798,24,393.8,404.2,514.0,352,91,56,19,16,24.78,30,8,8.77,3.38
503743,3280,37,746.2,706.2,871.0,605,230,139,42,49,51.55,48,9,6.84,4.32
503749,1441,15,304.4,330.3,165.0,303,149,85,41,23,27.24,31,1,1.2,1.45
503883,2880,32,635.6,0.0,2.0,413,0,224,1,26,39.25,39,8,0.0,0.0
503981,1326,14,219.4,199.7,42.0,252,68,81,22,46,18.62,14,6,0.13,0.89
503987,1205,16,257.4,352.8,404.0,254,70,35,21,14,12.77,9,8,1.23,2.86
504849,1714,19,288.4,422.3,416.0,247,107,62,18,27,23.76,20,5,4.04,2.74
505219,3413,38,887.0,958.0,237.0,818,458,185,119,154,56.18,50,11,2.1,6.18
514285,1825,21,422.2,288.8,83.0,228,153,69,52,101,42.91,40,3,0.32,1.98
515544,3032,34,547.8,421.3,248.0,383,203,102,68,135,47.27,42,9,2.27,2.05
517894,2493,29,675.8,545.4,801.0,591,211,126,39,46,35.75,35,8,6.9,3.36
520624,2456,27,782.4,756.7,488.0,681,251,134,62,55,31.99,37,6,5.59,4.96
521964,2963,33,868.0,114.3,409.0,436,292,118,44,248,49.21,52,5,4.8,0.96
522784,1384,17,280.6,175.5,595.0,243,71,31,11,29,19.75,16,9,5.75,0.81
524285,353,3,63.4,30.1,10.0,33,27,15,12,15,7.87,5,0,0.0,0.41
525247,1559,17,392.4,55.8,60.0,80,160,43,16,144,33.28,37,1,0.56,0.25
532776,1074,10,272.6,235.9,260.0,241,123,61,36,26,18.22,17,3,2.6,1.62
534033,2654,31,475.4,562.2,365.0,490,229,112,53,64,36.97,41,7,3.89,1.69
536835,2339,27,436.6,596.1,600.0,463,198,112,38,48,31.69,33,6,5.46,4.74
538977,1776,20,338.6,349.5,448.0,290,131,61,32,38,21.59,20,7,2.9,2.9
540664,549,6,86.4,178.8,95.0,100,35,28,4,3,10.94,10,2,0.54,1.01
540941,2046,24,530.6,691.3,326.0,467,241,139,57,45,31.55,32,5,2.61,5.43
541231,2761,30,659.0,98.0,305.0,435,272,109,23,249,41.59,41,8,3.36,1.45
541628,164,1,44.8,18.1,30.0,20,7,4,2,5,3.79,4,0,0.55,0.08
543499,1535,19,333.4,413.8,302.0,257,133,95,29,9,22.74,20,7,1.92,2.41
548729,69,0,2.6,5.1,20.0,10,1,1,0,0,0.79,0,0,0.24,0.02
553875,2793,32,690.2,881.7,202.0,502,218,132,76,142,37.75,40,9,1.05,4.37
556385,1335,14,207.2,187.0,103.0,121,68,70,31,37,19.15,25,1,0.18,0.72
557459,3041,35,683.4,95.2,218.0,431,212,121,38,174,42.99,50,9,2.82,0.38
559263,100,1,39.0,6.5,36.0,42,8,5,3,0,2.08,4,0,0.7,0.03
565093,3420,38,935.0,10.0,0.0,616,0,332,1,32,49.06,46,10,0.0,0.06
565822,110,1,11.8,31.7,31.0,17,6,4,0,2,1.74,2,0,0.29,0.08
566799,360,4,118.0,0.0,0.0,67,0,35,2,6,5.74,6,1,0.0,0.0
566931,1747,19,349.6,533.8,255.0,345,149,87,34,28,30.71,36,4,3.06,3.85
567576,3332,37,915.2,961.5,310.0,795,515,306,103,106,53.65,50,10,2.94,4.79
568006,319,3,59.2,9.7,10.0,43,28,8,8,20,6.49,2,1,0.08,0.02
568157,2074,26,325.8,718.4,371.0,331,167,101,36,30,30.01,28,7,4.53,6.12
568177,1954,24,536.6,393.6,547.0,430,135,83,25,27,31.13,33,3,10.55,2.49
568559,515,5,130.6,3.2,27.0,34,75,14,5,70,12.26,13,0,0.31,0.01
568693,1388,13,336.0,188.3,156.0,313,183,77,32,74,26.67,23,3,1.63,1.11
571743,843,8,102.0,78.9,207.0,119,44,26,6,12,23.35,27,1,2.14,0.22
572265,126,1,37.2,13.0,39.0,33,7,3,0,4,1.89,1,1,0.79,0.01
576314,3210,36,980.6,240.4,295.0,575,317,113,53,264,46.27,44,10,3.31,1.57
578391,971,12,195.6,216.4,90.0,237,67,49,35,32,12.25,8,5,0.53,2.01
578539,2825,31,727.2,159.6,185.0,453,311,65,54,257,41.19,42,11,2.42,1.56
583189,1302,14,130.4,266.7,185.0,179,55,32,14,9,21.11,28,2,1.65,1.74
583199,288,2,51.6,82.0,39.0,60,32,18,7,7,7.34,9,0,0.18,0.37
583255,3200,37,923.2,607.4,1047.0,678,236,142,45,49,47.67,52,12,11.1,3.12
584769,1161,14,140.6,242.4,138.0,186,111,62,23,26,18.8,9,6,1.37,1.91
585323,378,3,79.8,0.0,0.0,50,0,34,0,3,4.12,5,0,0.0,0.0
585959,89,0,6.8,17.7,39.0,24,6,4,1,1,1.57,3,0,0.44,0.02
587002,1,0,0.0,0.0,0.0,2,0,0,0,0,0.0,0,0,0.0,0.0
588989,1117,14,171.0,204.0,148.0,175,125,58,43,24,16.0,21,2,3.38,0.62
591949,679,8,101.4,17.1,43.0,105,51,35,15,36,9.03,9,2,0.44,0.17
595809,1551,17,445.8,159.8,655.0,343,89,26,14,49,24.16,19,5,8.9,0.23
598577,2374,27,526.4,908.2,665.0,521,176,116,34,26,33.99,32,10,6.83,5.14
601883,2861,32,696.0,545.0,131.0,676,195,166,57,138,34.89,28,12,0.34,2.23
605184,1817,22,383.4,66.6,26.0,160,165,89,37,128,33.73,37,1,0.25,0.32
605426,270,3,73.6,0.0,0.0,62,0,33,0,6,4.1,2,1,0.0,0.02
606718,1423,17,349.0,92.7,73.0,140,143,53,23,120,25.43,33,1,0.53,0.29
607223,1772,19,604.2,996.6,579.0,580,135,93,26,16,25.23,18,8,4.28,8.87
607224,1219,15,252.8,330.9,128.0,261,111,65,29,17,28.29,27,2,0.91,2.08
607226,1259,14,185.8,231.1,173.0,208,69,38,18,13,25.04,24,2,1.27,0.91
608832,675,6,113.0,87.4,62.0,98,68,28,25,15,13.31,13,2,0.67,0.35
609556,805,8,256.6,82.6,284.0,284,31,23,6,2,14.48,14,2,4.28,0.62
610849,1092,12,67.8,73.7,349.0,123,42,25,5,12,16.67,18,2,4.54,0.23
611793,2102,22,579.4,161.7,119.0,386,260,74,39,221,33.42,24,8,0.89,1.16
612517,1574,17,379.0,135.6,101.0,210,141,69,27,114,35.3,33,2,0.42,0.68
614258,225,2,66.0,7.6,6.0,30,25,9,3,22,3.36,4,0,0.0,0.12
617755,133,1,33.6,2.4,0.0,11,12,6,4,8,1.33,2,0,0.0,0.01
620322,2255,26,443.6,448.5,205.0,406,126,123,52,74,37.13,36,7,1.56,2.97
623570,2781,32,605.8,479.2,578.0,540,283,178,67,38,42.68,44,8,6.68,4.41
624258,928,12,157.4,105.2,62.0,157,65,43,19,46,10.77,13,4,0.18,0.84
626724,2658,31,758.4,456.6,909.0,715,138,72,27,39,37.25,36,10,14.91,1.96
627442,1630,17,483.8,156.1,803.0,405,64,39,5,20,27.05,30,2,9.21,0.28
627626,521,4,85.2,129.3,61.0,134,59,26,18,15,11.99,14,1,0.4,0.77
628451,374,4,34.4,46.6,14.0,81,37,20,8,9,8.53,10,0,0.21,0.55
633992,2930,33,725.8,816.4,324.0,621,319,153,89,77,46.5,43,10,5.22,5.95
644401,1960,22,378.2,332.2,353.0,356,74,96,23,51,33.74,32,9,3.01,2.51
645686,1042,11,133.0,59.4,14.0,121,60,43,26,34,15.38,17,2,0.0,0.2
646750,986,9,219.2,88.7,20.0,195,95,35,32,63,9.04,8,3,0.1,0.63
646991,3150,35,881.6,50.0,0.0,573,0,333,0,37,50.05,46,10,0.0,0.1
648195,3114,35,835.6,1063.2,747.0,700,244,140,53,51,44.89,46,8,11.26,7.26
654539,3378,38,857.0,574.2,194.0,607,301,188,102,199,54.42,51,11,1.35,3.07
655488,1065,11,204.6,202.2,390.0,195,77,52,12,13,10.51,8,2,4.12,1.27
658536,649,9,81.4,116.8,75.0,81,45,21,11,13,11.3,8,4,0.35,0.62
659813,1787,20,453.6,184.7,72.0,335,171,63,48,123,17.53,19,5,0.36,1.67
660860,193,2,42.4,3.7,2.0,32,18,6,2,16,4.52,3,1,0.0,0.01
661053,678,7,175.0,42.8,75.0,108,67,30,14,53,9.43,9,1,0.34,0.11
661207,1030,11,140.4,315.4,205.0,182,76,43,21,12,12.71,13,4,1.47,2.1
661427,1042,11,159.8,126.5,46.0,78,50,26,10,40,20.33,23,1,0.13,1.09
663244,11,0,5.0,0.5,4.0,6,3,0,2,1,0.0,0,0,0.0,0.0
667121,954,9,185.6,75.5,221.0,100,45,33,22,23,14.08,18,1,2.13,0.39
667287,1921,20,359.8,251.3,231.0,406,225,124,47,54,26.85,24,6,2.7,1.15
670717,26,0,11.4,2.1,2.0,7,8,1,6,1,0.55,1,0,0.0,0.01
670858,2176,24,550.2,433.6,196.0,347,173,134,54,119,37.72,39,4,1.01,2.78
670882,486,5,93.0,130.4,91.0,99,29,15,8,6,8.89,7,1,0.81,0.94
670883,7,0,1.0,4.1,2.0,5,1,1,0,0,0.03,0,0,0.0,0.01
673492,1340,14,371.2,37.6,96.0,190,144,52,30,114,24.34,23,2,1.32,0.15
683571,1402,13,252.4,178.4,561.0,221,83,26,7,50,22.89,28,3,5.49,0.39
683620,45,1,4.0,1.8,0.0,5,4,2,2,0,1.49,3,0,0.0,0.01
683895,1100,12,312.2,76.0,75.0,86,125,65,32,93,18.26,29,0,0.57,0.4
684210,2717,32,586.8,552.2,619.0,513,232,141,42,49,59.0,59,4,5.11,2.85
687626,2796,32,562.4,403.1,128.0,580,366,177,87,102,42.54,47,6,1.45,2.38
689637,550,6,117.8,23.9,41.0,84,45,32,8,37,9.09,8,1,0.33,0.13
696181,399,2,29.4,33.6,69.0,42,33,22,5,6,8.54,11,0,0.87,0.48
696589,1477,17,255.0,125.2,81.0,225,189,78,68,43,24.64,18,8,0.54,0.71
698164,1162,12,191.2,141.3,37.0,215,119,39,29,51,21.35,25,1,0.21,1.06
698678,2359,26,554.6,673.9,172.0,325,172,115,64,108,40.19,44,4,0.86,3.49
700106,708,8,134.4,217.1,152.0,114,58,40,14,4,13.82,11,2,1.86,0.88
701057,401,4,70.8,112.5,55.0,72,19,15,5,14,6.81,7,1,0.19,1.39
706889,9,0,0.0,0.5,0.0,2,0,0,0,0,0.05,0,0,0.0,0.0
708072,1025,11,216.6,123.2,94.0,131,57,27,20,37,15.04,18,3,1.34,0.45
709726,1797,21,525.8,307.2,739.0,433,85,42,11,32,26.11,25,7,10.1,2.45
711337,2741,32,350.6,397.9,809.0,412,135,80,13,42,39.02,40,11,10.64,1.48
711544,3118,35,582.8,282.9,206.0,368,231,114,57,174,53.49,46,10,1.67,1.0
711999,2330,27,412.2,181.5,210.0,374,214,100,51,63,52.82,51,3,2.5,0.41
716276,2137,24,426.0,140.4,268.0,209,219,93,60,159,36.42,40,4,2.51,0.62
719673,105,0,32.4,17.8,39.0,33,13,6,6,1,4.74,1,0,0.26,0.13
724783,25,0,3.2,0.3,0.0,4,4,1,2,1,0.5,0,0,0.0,0.0
725912,630,7,102.6,0.0,0.0,76,0,33,0,10,5.55,7,2,0.0,0.0
727089,2891,33,347.6,333.3,162.0,410,248,113,46,89,41.39,42,9,1.43,1.46
730861,2251,27,434.6,415.8,141.0,357,134,88,41,93,30.1,37,6,1.5,0.69
730893,3253,36,649.0,467.3,241.0,498,245,187,100,145,49.78,47,12,1.59,2.53
735570,2829,32,486.6,353.4,176.0,529,387,193,107,87,48.6,56,4,1.29,2.09
735571,987,10,113.2,93.2,287.0,94,52,15,8,29,13.83,13,3,3.3,0.15
739443,3282,37,1019.4,382.5,1170.0,710,214,93,37,84,53.17,50,10,20.6,1.83
741238,1676,17,333.6,527.1,356.0,329,129,87,22,20,24.42,24,6,2.01,3.87
741257,2315,26,406.0,269.3,184.0,297,148,135,68,80,41.11,39,6,1.09,1.73
743384,1553,16,238.8,211.5,245.0,248,92,61,11,20,22.26,14,7,2.13,1.18
743413,2643,29,653.8,413.9,573.0,567,172,108,67,105,34.97,25,14,6.12,2.67
743498,972,10,158.8,284.3,234.0,176,77,53,10,14,14.24,13,2,1.92,1.21
743600,1247,13,229.6,153.9,91.0,257,129,48,37,44,18.91,18,1,2.0,0.88
744149,2552,29,494.4,720.0,180.0,511,303,163,70,70,39.08,43,8,1.52,7.47
745181,971,11,182.0,83.4,44.0,185,127,54,40,33,19.03,23,2,0.44,0.32
747009,785,7,115.0,101.8,168.0,108,72,34,25,13,14.71,15,1,2.38,0.39
748319,679,6,93.8,161.9,162.0,121,70,43,14,13,13.56,10,3,1.17,0.54
763079,1427,15,299.0,112.2,26.0,293,123,75,27,96,20.89,13,6,0.65,1.21
800176,2760,30,423.0,320.6,46.0,473,383,212,81,90,47.29,53,2,0.52,0.99
801734,1334,13,303.4,457.2,312.0,266,111,72,20,19,17.29,23,3,2.47,2.43
811779,1261,14,211.4,405.3,399.0,222,71,45,16,10,20.52,20,4,3.44,3.68
817665,819,10,111.8,191.5,108.0,102,72,28,26,18,12.82,12,3,1.05,1.11
820374,1653,16,365.0,360.1,94.0,340,187,95,36,56,22.88,22,6,0.48,1.27
823231,2271,25,509.8,422.8,702.0,429,185,85,24,76,34.75,35,6,7.94,4.12
823486,3258,37,613.8,470.2,130.0,494,219,163,68,151,52.65,49,10,1.28,2.89
829299,270,3,76.8,10.0,0.0,39,0,21,0,4,4.82,4,0,0.0,0.0
842341,2933,34,745.4,92.5,97.0,264,334,114,44,290,67.06,70,3,0.73,0.59
843595,135,2,34.0,14.8,26.0,27,11,4,3,8,1.54,1,0,0.26,0.06
848509,1834,19,318.2,349.9,69.0,156,108,62,29,79,30.68,37,3,0.33,1.6
854721,6,0,0.0,0.0,0.0,3,0,0,0,0,0.31,2,0,0.0,0.0
855256,2848,34,597.2,482.0,314.0,603,386,193,60,133,47.02,41,11,3.8,2.94
860078,3,0,0.0,0.1,0.0,2,0,0,0,0,0.65,0,0,0.0,0.0
866246,955,11,164.6,106.4,147.0,163,79,39,22,18,13.66,18,3,1.23,0.43
866655,349,4,46.0,61.0,32.0,49,40,22,7,11,6.65,2,2,0.2,0.14
867688,1736,20,312.6,228.0,412.0,317,114,61,18,35,27.83,23,7,4.94,2.34
876631,1403,15,166.2,153.8,234.0,209,79,48,14,17,21.52,19,5,3.27,0.85
880245,3017,35,657.2,622.8,183.0,659,369,182,103,84,48.3,50,8,1.99,2.96
890719,165,0,8.6,22.5,24.0,20,13,10,2,1,0.73,0,1,0.23,0.08
890721,697,5,73.2,74.6,29.0,110,25,30,8,17,9.01,8,2,0.1,0.2
900195,1030,9,216.0,246.6,243.0,183,86,48,21,17,14.57,15,4,1.21,1.47
900601,7,0,10.2,0.6,2.0,3,4,0,0,4,0.49,1,0,0.0,0.0
903611,401,5,45.4,44.3,89.0,43,35,9,10,16,7.26,6,1,0.77,0.12
904802,1139,12,233.2,114.9,36.0,93,99,50,36,63,18.5,27,0,0.3,0.61
910905,100,1,6.4,0.1,7.0,4,8,2,1,7,1.63,3,0,0.35,0.0
911424,2,0,4.0,0.0,0.0,4,2,0,0,2,0.3,0,0,0.0,0.0
922563,656,9,142.2,82.1,22.0,88,74,35,30,44,13.38,16,0,0.18,0.32
922693,1471,18,259.4,138.1,158.0,237,132,56,11,65,24.8,28,5,1.5,1.29
922769,1493,15,342.6,251.4,136.0,334,155,69,29,57,21.22,22,2,1.36,2.1
923831,1730,18,327.0,83.1,124.0,191,156,73,30,126,26.83,33,2,1.34,0.59
926952,1440,15,469.0,394.2,341.0,321,98,77,48,50,19.61,20,4,2.39,1.84
927768,1405,15,247.0,294.6,117.0,127,93,86,29,64,28.19,30,1,0.6,1.46
933017,165,2,25.4,6.4,0.0,3,13,10,4,9,3.47,4,0,0.0,0.01
933018,57,0,6.0,2.4,7.0,15,5,4,1,0,1.72,2,0,0.04,0.03
936874,351,1,44.2,66.2,132.0,55,23,14,7,2,6.49,9,1,0.64,1.19
937941,1898,21,341.0,207.7,501.0,295,74,34,6,34,33.49,34,7,8.17,0.44
938158,265,1,24.6,40.1,86.0,19,8,4,0,4,5.89,3,0,1.54,0.29
947411,758,11,114.6,142.8,103.0,136,57,29,13,15,12.46,11,3,0.86,0.93
950091,132,1,66.6,65.7,44.0,55,15,10,3,2,2.59,2,0,0.44,0.11
953135,58,0,1.2,0.1,7.0,0,3,1,0,2,1.55,2,0,0.13,0.0
954105,8,0,0.2,0.3,0.0,3,1,1,0,0,0.61,0,0,0.0,0.0
955357,1663,21,532.2,306.9,563.0,480,112,61,9,42,25.91,21,10,8.31,1.51
967319,40,0,6.8,2.7,6.0,12,5,2,3,0,1.74,0,0,0.0,0.04
967346,751,8,117.6,53.8,188.0,124,26,14,5,7,12.94,9,3,2.13,0.22
973085,1646,23,166.8,156.3,44.0,231,209,105,37,67,20.4,19,7,0.78,0.72
978668,1,0,0.0,0.0,0.0,3,0,0,0,0,0.0,0,0,0.0,0.0
982097,1,0,2.0,0.3,0.0,3,1,0,0,1,0.05,0,0,0.0,0.0
983989,81,1,13.2,40.0,21.0,9,6,3,1,2,2.51,4,0,0.06,0.28
984096,514,6,98.0,15.2,29.0,48,47,13,9,38,10.35,7,0,0.27,0.06
985546,14,0,0.6,1.8,0.0,3,2,2,0,0,0.75,0,0,0.0,0.01
989112,367,4,98.4,13.9,10.0,63,39,13,5,34,4.42,6,1,0.15,0.19
991800,121,1,9.2,14.5,4.0,11,11,8,1,2,1.82,2,0,0.07,0.03
996897,2117,26,438.2,319.7,432.0,361,238,112,77,49,29.35,29,8,6.24,1.72
998101,135,2,18.6,60.2,18.0,32,17,8,1,8,4.9,3,0,0.11,0.33
1004708,657,8,132.6,40.9,70.0,118,44,26,11,33,15.66,13,2,0.62,0.13
1005583,47,0,3.2,3.5,10.0,11,4,3,0,1,1.87,2,0,0.05,0.05
1005649,2130,25,542.2,115.5,82.0,333,223,102,35,188,32.99,29,6,0.73,0.47
1006411,1331,14,362.4,63.8,56.0,216,169,54,40,129,23.84,23,5,1.48,0.33
1009658,34,0,1.8,2.5,2.0,2,1,4,1,0,1.62,2,0,0.0,0.0
1011131,1290,15,207.4,198.7,336.0,225,107,59,26,22,18.97,18,5,2.47,0.66
1011936,1,0,0.0,0.0,0.0,2,0,0,0,0,0.02,0,0,0.0,0.0
1012534,2389,26,491.8,691.4,617.0,466,185,96,56,33,34.09,33,11,3.81,5.06
1012564,1110,13,277.6,211.9,263.0,238,82,43,11,28,19.14,10,6,2.67,1.84
1045123,21,0,4.2,13.4,4.0,11,5,4,1,0,0.85,1,0,0.37,0.02
1047257,90,1,15.2,30.0,4.0,21,7,4,1,2,2.53,2,0,0.02,0.16
1056993,839,12,183.4,230.9,314.0,172,56,36,11,9,10.29,11,4,2.91,2.14
1060087,351,2,143.6,126.5,255.0,140,41,25,11,5,6.04,9,1,2.12,0.54
1063329,83,1,17.8,3.2,2.0,12,10,4,5,5,2.74,3,0,0.0,0.01
1064471,228,2,29.0,61.0,37.0,38,12,10,1,1,3.98,9,0,0.16,0.61
1067168,92,1,10.2,5.1,2.0,11,7,3,1,3,1.04,2,0,0.0,0.03
1069512,49,0,3.2,12.0,8.0,19,5,4,1,0,1.1,2,0,0.0,0.07
1078163,920,11,233.6,32.0,26.0,164,93,39,22,71,11.95,15,2,0.34,0.18
1081995,67,0,18.0,13.2,12.0,29,16,7,6,3,2.0,1,0,0.07,0.04
1085591,15,0,2.2,11.7,0.0,3,0,0,0,0,0.05,0,0,0.0,0.01
1086258,142,2,12.8,31.9,17.0,0,6,3,0,6,2.61,3,0,0.02,0.03
1091562,38,0,8.4,11.5,21.0,19,5,5,0,0,0.39,0,0,0.09,0.01
1107726,113,0,21.8,34.9,9.0,18,5,6,0,5,3.21,3,0,0.12,0.49
1107733,524,6,60.0,69.7,78.0,84,50,24,13,13,10.93,11,1,0.79,0.22
1108466,547,5,176.0,222.8,203.0,188,30,19,4,7,8.92,12,2,1.34,2.01
1111589,2706,30,583.6,480.2,133.0,381,205,125,44,161,43.65,47,9,0.57,2.51
1124005,159,0,13.2,7.1,73.0,42,13,9,1,3,4.63,4,0,0.49,0.01
1187629,152,1,45.2,55.5,65.0,51,16,13,2,1,0.88,1,1,1.19,0.3
1193867,257,3,36.4,48.5,39.0,18,19,11,8,11,4.54,6,0,0.35,0.37
1202361,16,0,0.0,0.3,0.0,3,1,1,0,0,0.9,1,0,0.0,0.0
1230661,1787,19,328.2,489.6,283.0,314,137,77,27,33,31.75,30,5,2.01,3.69
1322090,38,1,3.4,4.3,2.0,4,3,2,1,0,0.24,0,0,0.0,0.04
