player_id,Player,Squad,position_group,Age,Min,market_value_in_eur,estimated_market_value_eur,value_gap_eur,value_gap_pct,conservative_value_eur,conservative_gap_eur,performance_percentile,model_fold,ranking_status,eligible_for_ranking
399434,Marcus Tavernier,Bournemouth,MF,26.0,2732,25000000,45238596.02788496,20238596.02788496,80.95438411153984,34475674.52397026,9475674.523970261,79.13907284768213,0.0,Passes screening,True
433177,Bukayo Saka,Arsenal,FW,23.0,2222,110000000,158312732.61303937,48312732.613039374,43.92066601185398,115775200.22386548,5775200.223865479,95.34883720930233,2.0,Passes screening,True
183288,Luke Shaw,Manchester Utd,DF,30.0,3219,8000000,16451775.656412452,8451775.656412452,105.64719570515565,12240148.338701563,4240148.338701563,66.66666666666666,3.0,Passes screening,True
144028,Leandro Trossard,Arsenal,FW,30.0,2000,18000000,28764584.07355871,10764584.07355871,59.80324485310394,21921070.09259777,3921070.0925977714,83.72093023255815,0.0,Passes screening,True
344069,Anton Stach,Leeds United,MF,26.0,2370,28000000,44197038.863354616,16197038.863354616,57.846567369123626,31720609.04234304,3720609.042343039,91.3907284768212,4.0,Passes screening,True
438001,Santiago Bueno,Wolves,DF,26.0,2553,10000000,17323809.426289417,7323809.426289417,73.23809426289417,13202222.462575186,3202222.462575186,50.83333333333333,0.0,Passes screening,True
356141,Daichi Kamada,Crystal Palace,MF,28.0,1902,10000000,17131077.23789621,7131077.237896211,71.31077237896211,12295126.77482943,2295126.7748294305,58.27814569536424,4.0,Passes screening,True
410708,Pascal Struijk,Leeds United,DF,25.0,2936,22000000,32429077.17745774,10429077.177457739,47.404896261171544,24127287.383397516,2127287.383397516,57.49999999999999,3.0,Passes screening,True
475188,Kiernan Dewsbury-Hall,Everton,MF,26.0,2626,35000000,48106915.612977855,13106915.612977855,37.44833032279387,36661579.07918354,1661579.0791835412,86.09271523178808,0.0,Passes screening,True
433188,Curtis Jones,Liverpool,MF,24.0,1937,35000000,49115487.413847156,14115487.413847156,40.3299640395633,36542004.49789446,1542004.4978944585,84.76821192052981,3.0,Passes screening,True
698678,Hugo Bueno,Wolves,MF,22.0,2366,12000000,17737886.898704473,5737886.898704473,47.815724155870605,12971839.570818963,971839.5708189625,54.966887417218544,2.0,Passes screening,True
503686,Daniel Ballard,Sunderland,DF,25.0,2149,20000000,29169781.318571188,9169781.318571188,45.84890659285594,20935412.159074843,935412.1590748429,59.166666666666664,4.0,Passes screening,True
716276,Yerson Mosquera,Wolves,DF,24.0,2136,12000000,17367257.7539307,5367257.753930699,44.727147949422495,12926242.911417523,926242.9114175234,60.0,1.0,Passes screening,True
148153,Lewis Dunk,Brighton,DF,33.0,2838,3500000,5773407.668749587,2273407.6687495867,64.95450482141676,4297078.332434025,797078.3324340247,70.0,1.0,Passes screening,True
118534,Michael Keane,Everton,DF,32.0,2591,3000000,4787186.260274037,1787186.2602740368,59.572875342467896,3563045.4803161602,563045.4803161602,73.33333333333333,1.0,Passes screening,True
319859,Mathias Jensen,Brentford,MF,29.0,2247,10000000,14064276.1457426,4064276.145742601,40.642761457426005,10463844.711014919,463844.711014919,84.10596026490066,3.0,Passes screening,True
16306,Casemiro,Manchester Utd,MF,33.0,2571,6000000,8576513.711826589,2576513.711826589,42.941895197109815,6380940.284989483,380940.2849894827,73.50993377483444,3.0,Passes screening,True
67063,Danny Welbeck,Brighton,FW,34.0,2258,3000000,4283848.349825754,1283848.3498257538,42.794944994191795,3264658.160122247,264658.16012224695,79.06976744186046,0.0,Passes screening,True
173504,James Tarkowski,Everton,DF,32.0,3330,5000000,7057142.787081893,2057142.7870818926,41.14285574163785,5064974.0927861715,64974.09278617147,71.66666666666667,4.0,Passes screening,True
466805,Nicolás González,Manchester City,MF,23.0,1569,40000000,73709579.8455742,33709579.8455742,84.2739496139355,56172996.37817883,16172996.378178827,71.19205298013244,0.0,"Needs 1,800 minutes",False
262749,David Raya,Arsenal,GK,29.0,3330,30000000,45088800.304872565,15088800.304872565,50.29600101624188,43063511.81824246,13063511.81824246,,3.0,Model evidence too weak,False
996897,Diego Gómez,Brighton,MF,22.0,2120,25000000,50750105.35923176,25750105.359231763,103.00042143692706,36423803.363499664,11423803.363499664,37.086092715231786,4.0,Below performance screen,False
502821,Riccardo Calafiori,Arsenal,DF,23.0,1699,55000000,89099476.17570247,34099476.17570247,61.9990475921863,65159065.25788015,10159065.257880151,46.666666666666664,2.0,"Needs 1,800 minutes",False
392771,Ethan Ampadu,Leeds United,MF,24.0,3119,30000000,52133446.55312461,22133446.553124607,73.77815517708203,38787371.143353805,8787371.143353805,39.0728476821192,3.0,Below performance screen,False
314288,Lukas Nmecha,Leeds United,FW,26.0,1083,10000000,22628188.015962366,12628188.015962366,126.28188015962367,17244612.084011454,7244612.084011454,72.09302325581395,0.0,"Needs 1,800 minutes",False
465717,Jayden Bogle,Leeds United,MF,25.0,2793,15000000,28152095.02006264,13152095.02006264,87.68063346708426,20945205.50745173,5945205.507451732,12.582781456953644,3.0,Below performance screen,False
467623,Lyle Foster,Burnley,FW,24.0,1371,8000000,17008163.66997536,9008163.669975359,112.602045874692,12961673.431655994,4961673.431655994,13.953488372093023,0.0,"Needs 1,800 minutes",False
494880,Jorge Cuenca,Fulham,DF,25.0,938,8000000,17048771.43532018,9048771.43532018,113.10964294150224,12689197.33645727,4689197.336457269,62.5,1.0,"Needs 1,800 minutes",False
927768,Lucas,Burnley,MF,24.0,1409,4000000,11934964.361426575,7934964.361426575,198.3741090356644,8565830.179399466,4565830.179399466,56.29139072847682,4.0,"Needs 1,800 minutes",False
346890,Noah Okafor,Leeds United,FW,25.0,1561,25000000,40174800.23654142,15174800.23654142,60.699200946165675,29380110.069639724,4380110.069639724,90.69767441860465,2.0,"Needs 1,800 minutes",False
432164,Igor Jesus,Nottingham Forest,FW,24.0,2298,25000000,37897446.32928679,12897446.329286791,51.58978531714717,28881091.322688453,3881091.322688453,9.30232558139535,0.0,Below performance screen,False
503883,Senne Lammens,Manchester Utd,GK,23.0,2880,35000000,40681029.59196046,5681029.59196046,16.23151311988703,38853728.3442504,3853728.3442504033,,3.0,Model evidence too weak,False
708072,Nicolò Savona,Nottingham Forest,DF,22.0,1028,15000000,25208821.38080606,10208821.380806059,68.05880920537372,18762625.355189756,3762625.3551897556,2.5,1.0,"Needs 1,800 minutes",False
392765,Emile Smith Rowe,Fulham,MF,25.0,1923,20000000,31518470.34493562,11518470.344935618,57.59235172467809,23458821.954857636,3458821.9548576362,18.543046357615893,1.0,Below performance screen,False
922769,Lewis Miley,Newcastle United,MF,19.0,1496,25000000,37717000.99755773,12717000.99755773,50.868003990230925,28072314.518274255,3072314.518274255,52.317880794701985,1.0,"Needs 1,800 minutes",False
293281,Jacob Bruun Larsen,Burnley,MF,26.0,1030,4000000,9481033.989600535,5481033.9896005355,137.0258497400134,7056620.45907298,3056620.45907298,11.258278145695364,1.0,"Needs 1,800 minutes",False
392179,Hjalmar Ekdal,Burnley,DF,26.0,1539,5000000,10732761.954746151,5732761.954746151,114.65523909492302,7702998.780460128,2702998.7804601276,50.0,4.0,"Needs 1,800 minutes",False
99397,Karl Darlow,Leeds United,GK,34.0,1980,200000,3030620.3601765917,2830620.3601765917,1415.310180088296,2802076.6472038743,2602076.6472038743,,1.0,Below €1M value floor,False
711544,Jake O'Brien,Everton,DF,24.0,3120,18000000,28482681.603790063,10482681.603790063,58.23712002105591,20442274.560263652,2442274.5602636524,17.5,4.0,Below performance screen,False
743498,Wilson Odobert,Tottenham Hotspur,MF,20.0,985,18000000,27937918.359427657,9937918.359427657,55.21065755237587,20431193.394760005,2431193.394760005,63.576158940397356,2.0,"Needs 1,800 minutes",False
242606,Josh Cullen,Burnley,MF,29.0,1514,4000000,8603843.011364609,4603843.011364609,115.09607528411523,6403737.658037598,2403737.6580375982,27.1523178807947,1.0,"Needs 1,800 minutes",False
673492,Morato,Nottingham Forest,DF,24.0,1345,14000000,21835741.287862908,7835741.287862908,55.9695806275922,16252082.00278753,2252082.0027875304,75.0,1.0,"Needs 1,800 minutes",False
425334,Matty Cash,Aston Villa,DF,27.0,3014,22000000,32285001.172139853,10285001.172139853,46.750005327908426,24020094.594555035,2020094.5945550352,16.666666666666664,3.0,Below performance screen,False
321247,Emi Buendía,Aston Villa,MF,28.0,1755,16000000,24634221.297769964,8634221.297769964,53.96388311106227,18015176.796682585,2015176.796682585,69.5364238410596,2.0,"Needs 1,800 minutes",False
698164,Freddie Potts,West Ham United,MF,21.0,1171,10000000,16411364.002854902,6411364.002854902,64.11364002854903,11778582.161397355,1778582.1613973547,14.23841059602649,4.0,"Needs 1,800 minutes",False
206746,Kenny Tete,Fulham,DF,29.0,1791,8000000,13035581.786030898,5035581.786030898,62.944772325386225,9702228.062578712,1702228.0625787117,81.25,1.0,"Needs 1,800 minutes",False
474701,Crysencio Summerville,West Ham United,MF,23.0,2470,35000000,49293992.804223455,14293992.804223455,40.839979440638444,36674812.80678415,1674812.806784153,48.34437086092716,3.0,Below performance screen,False
393323,Brenden Aaronson,Leeds United,MF,24.0,2449,22000000,32195479.10163758,10195479.10163758,46.34308682562536,23544777.12490403,1544777.124904029,44.370860927152314,2.0,Below performance screen,False
741257,Álex Jiménez,Bournemouth,DF,20.0,2317,22000000,31421271.187272716,9421271.187272716,42.82395994214871,23377478.04171195,1377478.0417119488,27.500000000000004,3.0,Below performance screen,False
346483,Mason Mount,Manchester Utd,MF,26.0,1017,25000000,35959609.604735665,10959609.604735665,43.83843841894266,26297511.89540121,1297511.8954012096,61.920529801324506,2.0,"Needs 1,800 minutes",False
314241,Josh Laurent,Burnley,DF,30.0,1764,1500000,3751499.9369819295,2251499.9369819295,150.0999957987953,2792196.4810425686,1292196.4810425686,13.333333333333334,1.0,"Needs 1,800 minutes",False
240692,Reinildo Mandava,Sunderland,DF,31.0,1966,4000000,6757760.125287524,2757760.1252875244,68.94400313218812,4941996.628664143,941996.6286641434,34.166666666666664,2.0,Below performance screen,False
126665,Idrissa Gana Gueye,Everton,MF,35.0,2093,500000,1985705.708527459,1485705.708527459,297.14114170549186,1425158.4304597212,925158.4304597212,23.178807947019866,4.0,Below €1M value floor,False
253677,Tyrone Mings,Aston Villa,DF,32.0,1324,3000000,5079636.628807006,2079636.6288070064,69.32122096023355,3871116.810354599,871116.8103545988,28.333333333333332,0.0,"Needs 1,800 minutes",False
646991,Robin Roefs,Sunderland,GK,22.0,3150,28000000,31044772.87038193,3044772.870381929,10.874188822792602,28703639.800455283,703639.8004552834,,1.0,Model evidence too weak,False
61841,Adam Smith,Bournemouth,DF,34.0,1077,300000,1271595.8806933179,971595.8806933179,323.86529356443924,929926.6272858374,629926.6272858374,3.3333333333333335,2.0,"Needs 1,800 minutes",False
314367,Marcus Edwards,Burnley,MF,26.0,1067,6000000,8878266.788358653,2878266.788358653,47.97111313931089,6605445.078441409,605445.0784414094,45.6953642384106,3.0,"Needs 1,800 minutes",False
74960,Martin Dúbravka,Burnley,GK,36.0,3150,500000,1187827.822883825,687827.822883825,137.565564576765,1098251.8655817676,598251.8655817676,,1.0,Below €1M value floor,False
342046,Axel Tuanzebe,Burnley,DF,27.0,1201,5000000,7425133.478318669,2425133.478318669,48.50266956637338,5526438.186616037,526438.186616037,7.5,1.0,"Needs 1,800 minutes",False
645686,Lamare Bogarde,Aston Villa,MF,21.0,1053,18000000,24287662.458280228,6287662.458280228,34.93145810155682,18509273.372654136,509273.37265413627,8.609271523178808,0.0,"Needs 1,800 minutes",False
595809,Beto,Everton,FW,27.0,1568,18000000,24044426.137239598,6044426.137239598,33.580145206886655,18323906.517119866,323906.51711986586,48.837209302325576,0.0,"Needs 1,800 minutes",False
95810,Kieran Trippier,Newcastle United,DF,34.0,1586,1500000,2343373.0734747876,843373.0734747876,56.22487156498584,1744144.4220615812,244144.42206158116,9.166666666666666,1.0,"Needs 1,800 minutes",False
661427,David Møller Wolfe,Wolves,MF,23.0,1049,8000000,11037556.932064995,3037556.932064995,37.96946165081244,8211960.555555565,211960.55555556528,5.960264900662252,3.0,"Needs 1,800 minutes",False
494237,Wilson Isidor,Sunderland,FW,24.0,1165,18000000,23797124.833818,5797124.833818,32.20624907676666,18135441.79775285,135441.79775284976,16.27906976744186,0.0,"Needs 1,800 minutes",False
82873,Pascal Groß,Brighton,MF,34.0,1636,2500000,3441849.1088569723,941849.1088569723,37.673964354278894,2560741.2355454196,60741.23554541962,86.75496688741721,3.0,"Needs 1,800 minutes",False
61651,Jordan Henderson,Brentford,MF,35.0,1919,1200000,1715161.8651590887,515161.86515908875,42.93015542992406,1230986.6990184872,30986.69901848724,21.192052980132452,4.0,Below performance screen,False
667121,Rodrigo Gomes,Wolves,MF,22.0,960,15000000,20161321.41945591,5161321.419455908,34.40880946303939,15005831.230813865,5831.2308138646185,11.920529801324504,1.0,"Needs 1,800 minutes",False
250426,Adam Armstrong,Wolves,FW,28.0,1140,6000000,8008608.314803296,2008608.3148032958,33.4768052467216,5958417.7201022245,-41582.2798977755,27.906976744186046,3.0,"Needs 1,800 minutes",False
292246,Hwang Hee-chan,Wolves,FW,29.0,1446,6000000,7961295.111718131,1961295.1117181312,32.68825186196886,5925496.90667437,-74503.09332562983,20.930232558139537,1.0,"Needs 1,800 minutes",False
515544,Trai Hume,Sunderland,DF,23.0,3036,22000000,29366703.5942735,7366703.5942735,33.48501633760682,21857287.581838537,-142712.418161463,31.666666666666664,1.0,Below performance screen,False
353032,Omar Alderete,Sunderland,DF,28.0,2798,13000000,17892675.922342233,4892675.922342233,37.635968633401795,12841732.949196877,-158267.05080312304,22.5,4.0,Below performance screen,False
111195,Joël Veltman,Brighton,DF,33.0,1057,1500000,1750706.272456056,250706.27245605597,16.713751497070398,1302528.137779208,-197471.8622207921,81.25,3.0,"Needs 1,800 minutes",False
127202,Matz Sels,Nottingham Forest,GK,33.0,2668,3500000,3498859.8865605434,-1140.1134394565597,-0.03257466969875885,3299864.8779924945,-200135.1220075055,,2.0,Model evidence too weak,False
612517,Bashir Humphreys,Burnley,DF,22.0,1578,12000000,15374166.669781134,3374166.6697811335,28.118055581509445,11716428.130367951,-283571.86963204853,23.333333333333332,0.0,"Needs 1,800 minutes",False
72476,Bernd Leno,Fulham,GK,33.0,3420,6000000,5939300.840513602,-60699.1594863981,-1.011652658106635,5601507.638965924,-398492.36103407573,,2.0,Model evidence too weak,False
207014,Will Hughes,Crystal Palace,MF,30.0,1571,5000000,6024075.963604431,1024075.9636044307,20.481519272088615,4483647.759772089,-516352.2402279107,30.4635761589404,1.0,"Needs 1,800 minutes",False
262980,Jefferson Lerma,Crystal Palace,MF,30.0,1733,6000000,7584966.700982071,1584966.7009820715,26.416111683034526,5443798.02750251,-556201.9724974902,16.55629139072848,4.0,"Needs 1,800 minutes",False
193116,John McGinn,Aston Villa,MF,30.0,2137,13000000,16618570.34160319,3618570.3416031897,27.83515647387069,12364243.863353644,-635756.1366463564,52.317880794701985,3.0,Gap within model uncertainty,False
411537,Zian Flemming,Burnley,FW,26.0,1768,12000000,15262650.625709077,3262650.6257090773,27.18875521424231,11355437.327716362,-644562.6722836383,32.55813953488372,3.0,"Needs 1,800 minutes",False
135343,Fabian Schär,Newcastle United,DF,33.0,1091,4000000,4433642.213137715,433642.2131377151,10.841055328442879,3299906.855420653,-700093.1445793472,79.58333333333333,1.0,"Needs 1,800 minutes",False
801734,Mathys Tel,Tottenham Hotspur,MF,20.0,1349,22000000,28598901.22708225,6598901.227082249,29.995005577646587,21285821.421594243,-714178.5784057565,70.19867549668875,1.0,"Needs 1,800 minutes",False
381753,Ilia Gruev,Leeds United,MF,25.0,1323,12000000,14991197.06025187,2991197.0602518693,24.926642168765575,11157769.227113537,-842230.7728864625,6.622516556291391,1.0,"Needs 1,800 minutes",False
95424,Kyle Walker,Burnley,DF,35.0,3096,1500000,834314.4874953558,-665685.5125046442,-44.37903416697628,635818.674376355,-864181.325623645,15.0,0.0,Below performance screen,False
206040,Raúl Jiménez,Fulham,FW,34.0,2189,3000000,2880970.170026589,-119029.82997341082,-3.967660999113694,2106873.2186289383,-893126.7813710617,62.7906976744186,2.0,Gap within model uncertainty,False
348026,Nordi Mukiele,Sunderland,DF,27.0,2784,16000000,20592449.409682225,4592449.409682225,28.70280881051391,15059400.953735614,-940599.0462643858,83.33333333333334,2.0,Gap within model uncertainty,False
110864,Sam Johnstone,Wolves,GK,32.0,1080,2000000,1051792.4618802583,-948207.5381197417,-47.410376905987086,991972.5216926882,-1008027.4783073118,,2.0,"Needs 1,800 minutes",False
654539,Adrien Truffert,Bournemouth,DF,23.0,3379,30000000,38898582.96388059,8898582.963880591,29.661943212935306,28951751.907583885,-1048248.0924161151,44.166666666666664,1.0,Below performance screen,False
184573,Victor Lindelöf,Aston Villa,DF,31.0,948,5000000,5103226.501220079,103226.50122007914,2.064530024401583,3889094.3083407464,-1110905.6916592536,24.583333333333332,0.0,"Needs 1,800 minutes",False
867688,Jack Hinshelwood,Brighton,MF,20.0,1741,28000000,35141663.196556084,7141663.196556084,25.5059399877003,26780949.15780452,-1219050.842195481,7.28476821192053,0.0,"Needs 1,800 minutes",False
123682,Callum Wilson,West Ham United,FW,33.0,1251,4000000,3613694.0189370383,-386305.98106296174,-9.657649526574044,2688594.1359588164,-1311405.8640411836,55.81395348837209,3.0,"Needs 1,800 minutes",False
489359,Ao Tanaka,Leeds United,MF,26.0,1315,13000000,15945161.199317204,2945161.199317204,22.655086148593874,11660806.820332358,-1339193.1796676423,34.437086092715234,2.0,"Needs 1,800 minutes",False
473050,Kevin Schade,Brentford,MF,23.0,2745,35000000,46754373.07694456,11754373.07694456,33.58392307698446,33556030.63591651,-1443969.3640834913,9.933774834437086,4.0,Below performance screen,False
401922,Samuel Chukwueze,Fulham,MF,26.0,1079,18000000,22233511.753444362,4233511.753444362,23.519509741357567,16548137.824360423,-1451862.1756395772,82.78145695364239,1.0,"Needs 1,800 minutes",False
538977,Georginio Rutter,Brighton,MF,23.0,1786,30000000,39721926.33868406,9721926.33868406,32.40642112894687,28508780.83553187,-1491219.1644681282,32.450331125827816,4.0,"Needs 1,800 minutes",False
111455,Granit Xhaka,Sunderland,MF,32.0,2904,8000000,8527796.71422119,527796.7142211907,6.597458927764883,6498909.360732965,-1501090.6392670348,72.18543046357617,0.0,Gap within model uncertainty,False
447661,Douglas Luiz,Aston Villa,MF,27.0,919,18000000,21604060.582944904,3604060.5829449035,20.02255879413835,16464139.49211955,-1535860.5078804493,82.11920529801324,0.0,"Needs 1,800 minutes",False
262226,Timothy Castagne,Fulham,DF,29.0,1845,8000000,8665447.498106102,665447.4981061015,8.31809372632627,6447107.17067311,-1552892.8293268904,45.0,3.0,Below performance screen,False
352041,Lucas Perri,Leeds United,GK,27.0,1440,10000000,9099744.189470388,-900255.810529612,-9.00255810529612,8413518.724278655,-1586481.275721345,,1.0,"Needs 1,800 minutes",False
181579,James Ward-Prowse,Burnley,MF,30.0,1097,5000000,4365747.600004123,-634252.3999958774,-12.685047999917549,3249373.703236373,-1750626.2967636269,31.456953642384107,1.0,"Needs 1,800 minutes",False
192080,Nick Pope,Newcastle United,GK,33.0,2416,5000000,3367219.5485803843,-1632780.4514196157,-32.65560902839231,3175711.4824869228,-1824288.5175130772,,2.0,Model evidence too weak,False
242631,Alex Iwobi,Fulham,MF,29.0,2419,20000000,24820808.960186042,4820808.960186042,24.104044800930208,18151629.64964711,-1848370.3503528908,80.79470198675497,2.0,Gap within model uncertainty,False
249994,José Sá,Wolves,GK,32.0,2070,3500000,1838072.463849452,-1661927.536150548,-47.48364389001566,1616219.738378785,-1883780.261621215,,4.0,Model evidence too weak,False
134270,Dan Burn,Newcastle United,DF,33.0,2199,4000000,2814950.844532909,-1185049.1554670911,-29.62622888667728,2094327.878754043,-1905672.121245957,21.666666666666668,3.0,Below performance screen,False
245056,Saša Lukić,Fulham,MF,28.0,1734,10000000,11190785.71491695,1190785.71491695,11.907857149169502,8031726.521761914,-1968273.4782380862,25.82781456953642,4.0,"Needs 1,800 minutes",False
234803,Andrew Robertson,Liverpool,DF,31.0,1176,7000000,6701094.698696305,-298905.30130369496,-4.270075732909928,4985625.403638502,-2014374.5963614983,18.333333333333332,3.0,"Needs 1,800 minutes",False
465555,Đorđe Petrović,Bournemouth,GK,25.0,3420,28000000,27533690.800226886,-466309.1997731142,-1.6653899991896934,25967733.36055222,-2032266.6394477785,,2.0,Model evidence too weak,False
727089,Noah Sadiki,Sunderland,MF,20.0,2889,35000000,44193346.67965214,9193346.67965214,26.266704799006114,32879923.562145174,-2120076.4378548265,7.9470198675496695,3.0,Below performance screen,False
241641,Bernardo Silva,Manchester City,MF,30.0,2872,22000000,26660368.134984147,4660368.134984147,21.183491522655213,19835358.210880272,-2164641.789119728,64.90066225165563,3.0,Gap within model uncertainty,False
568157,Yeremi Pino,Crystal Palace,MF,22.0,2080,30000000,38744707.03810706,8744707.03810706,29.14902346035687,27807421.820193022,-2192578.1798069775,80.13245033112582,4.0,Gap within model uncertainty,False
120629,Alphonse Areola,West Ham United,GK,32.0,1800,4000000,2040413.0260200063,-1959586.9739799937,-48.98967434949984,1794138.0965005455,-2205861.9034994543,,4.0,Model evidence too weak,False
475411,Wesley Fofana,Chelsea,DF,24.0,1722,28000000,34395940.271436974,6395940.271436974,22.842643826560625,25600488.561241727,-2399511.4387582727,89.58333333333334,1.0,"Needs 1,800 minutes",False
413220,James Justin,Leeds United,DF,27.0,1901,12000000,13025892.264646385,1025892.2646463849,8.549102205386541,9525925.180525616,-2474074.819474384,83.33333333333334,2.0,Gap within model uncertainty,False
503680,Neco Williams,Nottingham Forest,DF,24.0,3204,28000000,34848795.43113998,6848795.431139983,24.459983682642797,25485165.778097034,-2514834.2219029665,65.0,2.0,Gap within model uncertainty,False
415912,Konstantinos Mavropanos,West Ham United,DF,27.0,2534,18000000,21092189.7770247,3092189.7770247012,17.178832094581672,15424864.55396744,-2575135.4460325595,87.5,2.0,Gap within model uncertainty,False
108725,Chris Wood,Nottingham Forest,FW,33.0,901,5000000,3152154.65263286,-1847845.34736714,-36.9569069473428,2402210.8858865947,-2597789.1141134053,23.25581395348837,0.0,"Needs 1,800 minutes",False
306024,Dominic Calvert-Lewin,Leeds United,FW,28.0,2721,22000000,26947609.64888819,4947609.648888189,22.489134767673587,19340539.71514899,-2659460.284851011,46.51162790697674,4.0,Below performance screen,False
188077,Ryan Christie,Bournemouth,MF,30.0,993,8000000,6983628.459954606,-1016371.5400453936,-12.704644250567421,5322121.237624379,-2677878.762375621,76.82119205298014,0.0,"Needs 1,800 minutes",False
607224,Hannibal Mejbri,Burnley,MF,22.0,1229,15000000,16844631.66625131,1844631.6662513092,12.297544441675395,12318595.81763916,-2681404.182360839,66.22516556291392,2.0,"Needs 1,800 minutes",False
279455,Harry Wilson,Fulham,MF,28.0,2673,25000000,31073927.00310641,6073927.003106412,24.295708012425646,22302034.51454695,-2697965.4854530506,37.74834437086093,4.0,Below performance screen,False
297212,Joe Rodon,Leeds United,DF,27.0,2951,18000000,20012180.168513797,2012180.1685137972,11.17877871396554,15250990.627068287,-2749009.3729317132,51.66666666666667,0.0,Gap within model uncertainty,False
848509,Jackson Tchatchoua,Wolves,MF,23.0,1845,12000000,12631212.492762975,631212.4927629754,5.260104106358129,9237293.123167044,-2762706.8768329564,1.9867549668874174,2.0,Below performance screen,False
277033,David Brooks,Bournemouth,MF,28.0,1204,12000000,12591348.28252002,591348.2825200204,4.927902354333503,9208140.149447383,-2791859.8505526166,68.87417218543047,2.0,"Needs 1,800 minutes",False
340456,Noussair Mazraoui,Manchester Utd,DF,27.0,985,18000000,19881016.648340467,1881016.6483404674,10.450092490780374,15151032.819815995,-2848967.180184005,75.83333333333333,0.0,"Needs 1,800 minutes",False
315858,Gianluigi Donnarumma,Manchester City,GK,26.0,3060,45000000,42147812.49189196,-2852187.508108042,-6.338194462462317,42147812.49189196,-2852187.508108042,,0.0,Model evidence too weak,False
667287,Yasin Ayari,Brighton,MF,21.0,1929,35000000,44594767.43248006,9594767.43248006,27.413621235657313,32006062.38679627,-2993937.6132037304,35.099337748344375,4.0,Below performance screen,False
126664,Lucas Digne,Aston Villa,DF,32.0,1852,6000000,3906381.5781066143,-2093618.4218933857,-34.89364036488976,2856763.7005777257,-3143236.2994222743,24.583333333333332,2.0,Below performance screen,False
357147,Diogo Dalot,Manchester Utd,DF,26.0,2614,30000000,36070205.01566479,6070205.015664794,20.234016718882643,26846623.876135774,-3153376.123864226,33.33333333333333,1.0,Below performance screen,False
415381,Mats Wieffer,Brighton,DF,25.0,1903,25000000,29350033.343946435,4350033.343946435,17.400133375785735,21836473.623298436,-3163526.3767015636,56.25,3.0,Gap within model uncertainty,False
730861,Milos Kerkez,Liverpool,DF,21.0,2257,35000000,43507426.863225825,8507426.863225825,24.30693389493093,31817283.059473183,-3182716.940526817,26.666666666666668,2.0,Below performance screen,False
900195,Kevin,Fulham,MF,22.0,1041,25000000,29195031.783563197,4195031.783563197,16.780127134252787,21729514.297096416,-3270485.7029035836,58.94039735099338,1.0,"Needs 1,800 minutes",False
607226,Loum Tchaouna,Burnley,MF,21.0,1272,13000000,12765186.859426986,-234813.14057301357,-1.8062549274847197,9728162.638073478,-3271837.361926522,2.980132450331126,0.0,"Needs 1,800 minutes",False
340918,Caoimhín Kelleher,Brentford,GK,26.0,3330,28000000,25799703.93279461,-2200296.067205392,-7.858200240019256,24640838.674755555,-3359161.3252444454,,3.0,Model evidence too weak,False
177907,Harry Maguire,Manchester Utd,DF,32.0,1653,8000000,6431319.669069781,-1568680.330930219,-19.608504136627737,4615815.254472093,-3384184.7455279073,58.333333333333336,4.0,"Needs 1,800 minutes",False
684210,Jaidon Anthony,Burnley,MF,25.0,2722,20000000,21572084.771524157,1572084.7715241574,7.860423857620788,16439771.192225596,-3560228.807774404,41.72185430463576,0.0,Below performance screen,False
626724,João Pedro,Chelsea,FW,23.0,2661,80000000,100194089.40982391,20194089.40982391,25.242611762279886,76356455.15312149,-3643544.8468785137,97.67441860465115,0.0,Gap within model uncertainty,False
338424,Mikel Merino,Arsenal,MF,29.0,1036,25000000,29143409.670591317,4143409.670591317,16.57363868236527,21312777.560091473,-3687222.439908527,49.00662251655629,2.0,"Needs 1,800 minutes",False
811779,Alejandro Garnacho,Chelsea,MF,21.0,1268,28000000,33237601.31880071,5237601.31880071,18.705718995716822,24306888.33755499,-3693111.6624450088,71.19205298013244,2.0,"Needs 1,800 minutes",False
800176,André,Wolves,MF,24.0,2762,25000000,28555003.999769468,3555003.999769468,14.220015999077871,21253149.237957228,-3746850.762042772,31.456953642384107,1.0,Below performance screen,False
333014,Sander Berge,Fulham,MF,27.0,2905,25000000,28384304.354918227,3384304.3549182266,13.537217419672906,21126099.52468915,-3873900.475310851,17.218543046357617,1.0,Below performance screen,False
340329,Joe Willock,Newcastle United,MF,25.0,983,14000000,13247784.70713449,-752215.2928655092,-5.372966377610779,10095943.42481792,-3904056.5751820803,43.70860927152318,0.0,"Needs 1,800 minutes",False
130164,Jordan Pickford,Everton,GK,31.0,3420,13000000,9570193.57541856,-3429806.42458144,-26.383126342934155,9025896.155978886,-3974103.8440211136,,2.0,Model evidence too weak,False
730893,Tyrick Mitchell,Crystal Palace,MF,25.0,3251,25000000,28075281.085013654,3075281.085013654,12.301124340054617,20888055.811347242,-4111944.1886527576,26.490066225165563,3.0,Below performance screen,False
386047,Axel Disasi,West Ham United,DF,27.0,1254,15000000,15059585.148745975,59585.148745974526,0.3972343249731635,10808398.410918912,-4191601.589081088,45.83333333333333,4.0,"Needs 1,800 minutes",False
324358,Ollie Watkins,Aston Villa,FW,29.0,2839,25000000,27884279.84241138,2884279.8424113803,11.537119369645522,20753937.23345316,-4246062.766546842,67.44186046511628,1.0,Gap within model uncertainty,False
260827,Joachim Andersen,Fulham,DF,29.0,2875,20000000,20625265.315576658,625265.3155766577,3.126326577883288,15718213.883034343,-4281786.116965657,77.08333333333334,0.0,Gap within model uncertainty,False
399776,Pau Torres,Aston Villa,DF,28.0,1676,20000000,21491260.784815133,1491260.7848151326,7.456303924075663,15716707.952632265,-4283292.047367735,40.833333333333336,2.0,"Needs 1,800 minutes",False
532776,Amine Adli,Bournemouth,MF,25.0,1093,20000000,20416779.72695639,416779.72695638984,2.0838986347819493,15559330.054248367,-4440669.9457516335,60.59602649006622,0.0,"Needs 1,800 minutes",False
696589,Tim Iroegbunam,Everton,MF,22.0,1487,18000000,18120617.995771445,120617.99577144533,0.6700999765080297,13481769.829383563,-4518230.170616437,27.81456953642384,3.0,"Needs 1,800 minutes",False
362108,Gabriel Gudmundsson,Leeds United,DF,26.0,2631,20000000,20750077.044003796,750077.0440037958,3.750385220018979,15438091.757557757,-4561908.242442243,15.833333333333332,3.0,Below performance screen,False
203460,Jack Grealish,Everton,MF,29.0,1627,20000000,21011091.320512086,1011091.3205120862,5.05545660256043,15365556.68966991,-4634443.310330089,94.70198675496688,2.0,"Needs 1,800 minutes",False
403151,Robert Sánchez,Chelsea,GK,27.0,3039,22000000,17365223.11711308,-4634776.88288692,-21.067167649486,17365223.11711308,-4634776.88288692,,0.0,Model evidence too weak,False
341051,Kyle Walker-Peters,West Ham United,DF,28.0,1383,12000000,9481831.665505312,-2518168.3344946876,-20.984736120789062,7225965.493767423,-4774034.506232577,37.5,0.0,"Needs 1,800 minutes",False
624258,Conor Bradley,Liverpool,DF,22.0,929,25000000,26939007.53002774,1939007.5300277397,7.7560301201109585,20042666.386660162,-4957333.613339838,36.666666666666664,3.0,"Needs 1,800 minutes",False
576314,Jan Paul van Hecke,Brighton,DF,25.0,3210,45000000,55750251.106398635,10750251.106398635,23.889446903108077,40012452.60089503,-4987547.399104968,98.33333333333333,4.0,Gap within model uncertainty,False
283628,Tomáš Souček,West Ham United,MF,30.0,2200,10000000,6893601.175151842,-3106398.8248481583,-31.063988248481582,4947598.818021886,-5052401.181978114,0.6622516556291391,4.0,Below performance screen,False
461883,Calvin Bassey,Fulham,DF,25.0,2534,28000000,31844840.13061055,3844840.1306105517,13.731571895037685,22855325.74784417,-5144674.252155829,64.16666666666667,4.0,Gap within model uncertainty,False
111873,Emiliano Martínez,Aston Villa,GK,32.0,2835,12000000,7790779.049947022,-4209220.950052978,-35.07684125044148,6850443.518415291,-5149556.481584709,,4.0,Model evidence too weak,False
477758,Aaron Wan-Bissaka,West Ham United,DF,27.0,2081,15000000,13462579.065522706,-1537420.9344772939,-10.249472896515291,9662212.889042428,-5337787.110957572,12.5,4.0,Below performance screen,False
429915,Maxim De Cuyper,Brighton,DF,24.0,1415,22000000,22381338.929461993,381338.9294619933,1.7333587702817876,16658163.831401257,-5341836.168598743,10.0,1.0,"Needs 1,800 minutes",False
661207,Oscar Bobb,Fulham,MF,22.0,1039,28000000,31445946.501066126,3445946.501066126,12.306951789521877,22569036.229128126,-5430963.770871874,78.1456953642384,4.0,"Needs 1,800 minutes",False
739443,Igor Thiago,Brentford,FW,24.0,3282,65000000,80051011.00611576,15051011.006115764,23.155401547870408,59558085.7727824,-5441914.2272176,88.37209302325581,3.0,Gap within model uncertainty,False
392775,Ryan Sessegnon,Fulham,DF,25.0,1823,22000000,21567264.577754356,-432735.42224564403,-1.9669791920256547,16436097.792799262,-5563902.207200738,10.833333333333334,0.0,Below performance screen,False
588989,Jhon Arias,Wolves,FW,27.0,1124,15000000,12681812.337428015,-2318187.6625719853,-15.454584417146567,9435289.32623676,-5564710.67376324,25.581395348837212,3.0,"Needs 1,800 minutes",False
611793,James Hill,Bournemouth,DF,23.0,2106,23000000,23785139.140035465,785139.1400354654,3.413648434936806,17394237.11972909,-5605762.8802709095,95.83333333333334,2.0,Gap within model uncertainty,False
683571,Tolu Arokodare,Wolves,FW,24.0,1419,20000000,19280131.1912148,-719868.8087852001,-3.5993440439260005,14349971.835615745,-5650028.164384255,30.23255813953488,1.0,"Needs 1,800 minutes",False
420243,Jurriën Timber,Arsenal,DF,24.0,2454,70000000,87878930.5645421,17878930.5645421,25.541329377917286,64266471.7784422,-5733528.221557803,48.75,2.0,Below performance screen,False
745181,Soungoutou Magassa,West Ham United,MF,21.0,981,17000000,15004347.052911513,-1995652.9470884874,-11.739134982873455,11163259.037687726,-5836740.962312274,21.85430463576159,3.0,"Needs 1,800 minutes",False
536835,Amad Diallo,Manchester Utd,MF,23.0,2341,45000000,51366101.180849954,6366101.1808499545,14.1468915129999,39145356.90370594,-5854643.09629406,90.06622516556291,0.0,Gap within model uncertainty,False
541231,Sepp van den Berg,Brentford,DF,23.0,2763,32000000,35049104.26894104,3049104.2689410374,9.528450840440742,26076591.919980783,-5923408.080019217,53.333333333333336,3.0,Gap within model uncertainty,False
486049,Jeremy Doku,Manchester City,MF,23.0,1784,75000000,96212140.10375154,21212140.10375154,28.28285347166872,69052311.52424748,-5947688.475752518,99.33774834437085,4.0,"Needs 1,800 minutes",False
392768,Callum Hudson-Odoi,Nottingham Forest,MF,24.0,1841,30000000,32259725.62670642,2259725.6267064214,7.532418755688071,24010529.435500044,-5989470.564499956,72.84768211920529,1.0,Gap within model uncertainty,False
371851,Jaka Bijol,Leeds United,DF,26.0,1890,20000000,18801646.289462574,-1198353.7105374262,-5.991768552687131,13993841.220208172,-6006158.779791828,77.08333333333334,1.0,Gap within model uncertainty,False
270171,Vitaly Janelt,Brentford,MF,27.0,1444,16000000,13737938.561314272,-2262061.4386857282,-14.137883991785802,9859840.85721553,-6140159.142784471,65.56291390728477,4.0,"Needs 1,800 minutes",False
584769,Dwight McNeil,Everton,MF,25.0,1168,18000000,15515422.367271682,-2484577.6327283178,-13.803209070712876,11824077.03887841,-6175922.961121591,39.735099337748345,0.0,"Needs 1,800 minutes",False
427568,Aaron Ramsdale,Newcastle United,GK,27.0,1004,12000000,6416486.219491628,-5583513.780508372,-46.52928150423643,5642025.782741363,-6357974.217258637,,4.0,"Needs 1,800 minutes",False
375885,Ibrahim Sangaré,Nottingham Forest,MF,27.0,2075,20000000,18994166.465225745,-1005833.534774255,-5.029167673871275,13632282.544467544,-6367717.455532456,33.11258278145696,4.0,Below performance screen,False
743384,Chemsdine Talbi,Sunderland,MF,20.0,1561,25000000,24378720.53012422,-621279.469875779,-2.485117879503116,18578667.402199235,-6421332.597800765,9.271523178807946,0.0,"Needs 1,800 minutes",False
199527,Jacob Murphy,Newcastle United,FW,30.0,1617,12000000,7181440.497220872,-4818559.502779128,-40.1546625231594,5343003.480848594,-6656996.519151406,74.4186046511628,3.0,"Needs 1,800 minutes",False
463605,Bafodé Diakité,Bournemouth,DF,24.0,1277,25000000,24017215.185491603,-982784.8145083971,-3.9311392580335887,18303169.44734328,-6696830.552656721,55.00000000000001,0.0,"Needs 1,800 minutes",False
711337,Evanilson,Bournemouth,FW,25.0,2742,35000000,39236690.65753111,4236690.657531112,12.104830450088892,28160522.855629344,-6839477.144370656,34.883720930232556,4.0,Below performance screen,False
540941,Mikkel Damsgaard,Brentford,MF,25.0,2054,30000000,30366203.3562653,366203.356265299,1.2206778542176635,23141640.807235338,-6858359.192764662,98.01324503311258,0.0,Gap within model uncertainty,False
345911,Ladislav Krejčí,Wolves,DF,26.0,2356,22000000,20339635.125555057,-1660364.874444943,-7.5471130656588326,15132722.283998953,-6867277.716001047,30.0,3.0,Below performance screen,False
606718,Toti Gomes,Wolves,DF,26.0,1424,18000000,14889087.025055358,-3110912.974944642,-17.282849860803566,11081769.943665607,-6918230.056334393,39.166666666666664,1.0,"Needs 1,800 minutes",False
346707,Sean Longstaff,Leeds United,MF,27.0,1011,15000000,10542996.46065272,-4457003.53934728,-29.713356928981863,8034663.719585786,-6965336.280414214,56.95364238410596,0.0,"Needs 1,800 minutes",False
610849,Liam Delap,Chelsea,FW,22.0,1107,28000000,28259324.022729985,259324.02272998542,0.9261572240356623,21033078.15149002,-6966921.8485099785,6.976744186046512,1.0,"Needs 1,800 minutes",False
326031,Matthijs de Ligt,Manchester Utd,DF,25.0,1170,30000000,30684274.613775905,684274.6137759052,2.2809153792530172,22837940.004308403,-7162059.995691597,88.33333333333333,1.0,"Needs 1,800 minutes",False
683895,Emmanuel Agbadou,Wolves,DF,28.0,1101,16000000,11764767.626178335,-4235232.373821665,-26.4702023363854,8756376.2140468,-7243623.7859531995,83.33333333333334,1.0,"Needs 1,800 minutes",False
400536,Mads Hermansen,West Ham United,GK,25.0,1620,15000000,8814688.634361409,-6185311.365638591,-41.23540910425727,7750768.7432240825,-7249231.2567759175,,4.0,"Needs 1,800 minutes",False
565093,Bart Verbruggen,Brighton,GK,22.0,3420,40000000,35400971.18685974,-4599028.813140258,-11.497572032850645,32731330.652828332,-7268669.347171668,,1.0,Model evidence too weak,False
339556,Rico Henry,Brentford,DF,28.0,1328,13000000,7362114.794610326,-5637885.205389674,-43.36834773376672,5610560.157509634,-7389439.842490366,1.6666666666666667,0.0,"Needs 1,800 minutes",False
633992,Enzo Le Fée,Sunderland,MF,25.0,2930,28000000,28176102.77530532,176102.77530531958,0.6289384832332842,20605379.311756603,-7394620.688243397,67.54966887417218,2.0,Gap within model uncertainty,False
450050,Jean-Ricner Bellegarde,Wolves,MF,27.0,1248,16000000,11254022.649413312,-4745977.350586688,-29.6623584411668,8576526.4161156,-7423473.583884399,28.47682119205298,0.0,"Needs 1,800 minutes",False
263236,Kevin Danso,Tottenham Hotspur,DF,26.0,1494,20000000,17415577.6557255,-2584422.3442744985,-12.922111721372493,12499315.264347007,-7500684.7356529925,72.5,4.0,"Needs 1,800 minutes",False
105470,Alisson,Liverpool,GK,32.0,2340,15000000,8094104.424045944,-6905895.575954056,-46.03930383969371,7483715.765432292,-7516284.234567708,,1.0,Model evidence too weak,False
473169,Brian Brobbey,Sunderland,FW,23.0,1927,30000000,31282555.589087725,1282555.5890877247,4.275185296959083,22451769.113064386,-7548230.886935614,4.651162790697675,4.0,Below performance screen,False
240306,Bruno Fernandes,Manchester Utd,MF,30.0,3063,35000000,38095111.18748536,3095111.1874853596,8.843174821386743,27341201.07947369,-7658798.920526311,96.02649006622516,4.0,Gap within model uncertainty,False
497291,Nicolás Domínguez,Nottingham Forest,MF,27.0,1175,15000000,9619400.430955278,-5380599.569044722,-35.87066379363148,7330804.645100138,-7669195.354899862,41.05960264900662,0.0,"Needs 1,800 minutes",False
487969,Randal Kolo Muani,Tottenham Hotspur,FW,26.0,1664,20000000,16164132.892273244,-3835867.1077267565,-19.179335538633783,12318449.876195904,-7681550.123804096,41.86046511627907,0.0,"Needs 1,800 minutes",False
578391,Rayan Aït-Nouri,Manchester City,DF,24.0,974,40000000,42296342.64960573,2296342.6496057287,5.740856624014322,32233426.102421403,-7766573.897578597,86.66666666666667,0.0,"Needs 1,800 minutes",False
332705,Tyler Adams,Bournemouth,MF,26.0,1773,25000000,23917703.030253153,-1082296.9697468467,-4.329187878987387,17165948.687976494,-7834051.312023506,19.205298013245034,4.0,"Needs 1,800 minutes",False
257455,João Palhinha,Tottenham Hotspur,MF,30.0,2199,15000000,9851771.20930128,-5148228.79069872,-34.3215252713248,7070703.858140216,-7929296.141859784,13.245033112582782,4.0,Below performance screen,False
525247,Max Kilman,West Ham United,DF,28.0,1561,13000000,7058262.122143468,-5941737.877856532,-45.70567598351179,5065777.449551799,-7934222.550448201,4.166666666666666,4.0,"Needs 1,800 minutes",False
1230661,Mateus Mane,Wolves,MF,17.0,1795,20000000,16749803.597264212,-3250196.4027357884,-16.250982013678943,12021483.279443672,-7978516.720556328,29.13907284768212,4.0,"Needs 1,800 minutes",False
735571,Rodrigo Muniz,Fulham,FW,24.0,1000,20000000,16414580.994744316,-3585419.0052556843,-17.927095026278423,12004096.775813004,-7995903.224186996,18.6046511627907,2.0,"Needs 1,800 minutes",False
469050,Nathan Collins,Brentford,DF,24.0,2975,30000000,29568062.267163772,-431937.73283622786,-1.4397924427874262,21998687.506702714,-8001312.493297286,48.75,3.0,Below performance screen,False
286047,Guglielmo Vicario,Tottenham Hotspur,GK,28.0,2790,18000000,10800434.096075125,-7199565.903924875,-39.9975883551382,9985957.0482284,-8014042.9517716,,1.0,Model evidence too weak,False
369316,Ferdi Kadioglu,Brighton,DF,25.0,3133,35000000,36264086.56612185,1264086.5661218464,3.6116759032052754,26980540.78045691,-8019459.219543088,20.0,3.0,Below performance screen,False
578539,Chris Richards,Crystal Palace,DF,25.0,2827,28000000,26691924.018528648,-1308075.9814713523,-4.671699933826258,19858835.84099682,-8141164.1590031795,91.66666666666666,3.0,Gap within model uncertainty,False
357162,Florentino Luís,Burnley,MF,25.0,2105,16000000,10224111.59038754,-5775888.40961246,-36.099302560077874,7791646.207128687,-8208353.792871313,14.23841059602649,0.0,Below performance screen,False
469781,Marcos Senesi,Bournemouth,DF,28.0,3288,25000000,22918734.72149161,-2081265.2785083912,-8.325061114033565,16760629.553180827,-8239370.446819173,97.5,2.0,Gap within model uncertainty,False
601883,Matheus Nunes,Manchester City,DF,26.0,2862,50000000,57104020.84649522,7104020.846495219,14.208041692990436,41760566.63778516,-8239433.362214841,79.58333333333333,2.0,Gap within model uncertainty,False
357119,Ibrahima Konaté,Liverpool,DF,26.0,3090,45000000,49321302.74032497,4321302.740324967,9.602894978499927,36709258.14155893,-8290741.85844107,94.58333333333333,1.0,Gap within model uncertainty,False
655488,Gabriel Martinelli,Arsenal,FW,24.0,1081,45000000,49983091.527545705,4983091.527545705,11.073536727879345,36552981.58769415,-8447018.412305847,58.139534883720934,2.0,"Needs 1,800 minutes",False
504849,Kaoru Mitoma,Brighton,MF,28.0,1721,22000000,18431730.027486395,-3568269.972513605,-16.21940896597093,13479251.868106885,-8520748.131893115,54.3046357615894,2.0,"Needs 1,800 minutes",False
514285,Quilindschy Hartman,Burnley,DF,23.0,1825,16000000,10203159.504179465,-5796840.495820535,-36.23025309887834,7461641.115144925,-8538358.884855075,32.5,2.0,Below performance screen,False
1111589,El Hadji Malick Diouf,West Ham United,DF,20.0,2707,28000000,27084716.70376698,-915283.2962330207,-3.268868915117931,19438942.672345005,-8561057.327654995,6.666666666666667,4.0,Below performance screen,False
926952,Patrick Dorgu,Manchester Utd,MF,20.0,1449,35000000,34688186.78825015,-311813.2117498517,-0.890894890713862,26435361.395635545,-8564638.604364455,74.50331125827815,0.0,"Needs 1,800 minutes",False
420210,Lutsharel Geertruida,Sunderland,DF,25.0,1693,20000000,14649734.015601588,-5350265.984398412,-26.751329921992056,11164348.561917413,-8835651.438082587,29.166666666666668,0.0,"Needs 1,800 minutes",False
566931,Xavi Simons,Tottenham Hotspur,MF,22.0,1755,40000000,41650979.640786216,1650979.6407862157,4.1274491019655395,30988398.234551933,-9011601.765448067,90.72847682119205,3.0,"Needs 1,800 minutes",False
346314,Trevoh Chalobah,Chelsea,DF,26.0,2783,40000000,40631324.008771084,631324.0087710842,1.5783100219277106,30964539.660885777,-9035460.339114223,90.83333333333333,0.0,Gap within model uncertainty,False
823231,Dango Ouattara,Brentford,MF,23.0,2276,35000000,36154814.26482809,1154814.2648280933,3.2994693280802667,25948632.657691203,-9051367.342308797,23.841059602649008,4.0,Below performance screen,False
741238,Omari Hutchinson,Nottingham Forest,MF,21.0,1688,30000000,28977200.49797556,-1022799.5020244382,-3.409331673414794,20797195.185027827,-9202804.814972173,66.88741721854305,4.0,"Needs 1,800 minutes",False
500689,Evann Guessand,Aston Villa,MF,24.0,918,25000000,21491602.303043414,-3508397.696956586,-14.033590787826345,15716957.707283696,-9283042.292716304,24.503311258278146,2.0,"Needs 1,800 minutes",False
236490,Ola Aina,Nottingham Forest,DF,28.0,1588,18000000,11437222.129453018,-6562777.870546982,-36.459877058594344,8716140.07005177,-9283859.92994823,41.66666666666667,0.0,"Needs 1,800 minutes",False
354362,Rodrigo Bentancur,Tottenham Hotspur,MF,28.0,1883,20000000,14323711.992865505,-5676288.007134495,-28.381440035672473,10656865.415034698,-9343134.584965302,35.76158940397351,3.0,Below performance screen,False
521964,Malick Thiaw,Newcastle United,DF,23.0,2965,45000000,48577199.47500121,3577199.4750012085,7.949332166669353,35524842.96884988,-9475157.031150118,89.58333333333334,2.0,Gap within model uncertainty,False
378710,Richarlison,Tottenham Hotspur,FW,28.0,1964,25000000,20820246.933912538,-4179753.066087462,-16.719012264349846,15490298.272969484,-9509701.727030516,76.74418604651163,3.0,Gap within model uncertainty,False
644401,Keane Lewis-Potter,Brentford,DF,24.0,1972,25000000,21514415.62334438,-3485584.3766556196,-13.94233750662248,15441087.862683186,-9558912.137316814,0.8333333333333334,4.0,Below performance screen,False
711999,Lesley Ugochukwu,Burnley,MF,21.0,2336,22000000,16818460.44054383,-5181539.55945617,-23.55245254298259,12299456.618577862,-9700543.381422138,4.635761589403973,2.0,Below performance screen,False
937941,Thierno Barry,Everton,FW,22.0,1914,30000000,27662383.285595346,-2337616.7144046538,-7.79205571468218,20229692.682283264,-9770307.317716736,11.627906976744185,2.0,Below performance screen,False
139208,Virgil van Dijk,Liverpool,DF,34.0,3420,15000000,6868369.93580343,-8131630.06419657,-54.2108670946438,5112045.710894559,-9887954.289105441,85.41666666666666,1.0,Gap within model uncertainty,False
328658,Kristoffer Ajer,Brentford,DF,27.0,1810,18000000,10891711.0796318,-7108288.9203682,-39.49049400204556,8106570.621292206,-9893429.378707793,19.166666666666668,1.0,Below performance screen,False
1078163,Ayden Heaven,Manchester Utd,DF,18.0,924,30000000,26919703.157866623,-3080296.8421333767,-10.267656140444588,20036014.29164923,-9963985.70835077,60.83333333333333,1.0,"Needs 1,800 minutes",False
483348,Djed Spence,Tottenham Hotspur,DF,24.0,2055,30000000,27088080.206636377,-2911919.7933636233,-9.70639931121208,19809700.85337277,-10190299.146627229,5.833333333333333,2.0,Below performance screen,False
1011131,Joshua King,Fulham,MF,18.0,1308,25000000,20582603.77347174,-4417396.226528261,-17.669584906113045,14772318.180052208,-10227681.819947792,15.2317880794702,4.0,"Needs 1,800 minutes",False
876631,Habib Diarra,Sunderland,MF,21.0,1405,35000000,34492334.847225256,-507665.15277474374,-1.4504718650706965,24755456.33927162,-10244543.66072838,1.3245033112582782,4.0,"Needs 1,800 minutes",False
314875,Jarrod Bowen,West Ham United,MF,28.0,3403,30000000,26381486.89502695,-3618513.1049730517,-12.061710349910172,19627870.102080308,-10372129.897919692,53.64238410596026,3.0,Gap within model uncertainty,False
404842,Vitaliy Mykolenko,Everton,DF,26.0,2958,25000000,19003101.324751165,-5996898.675248835,-23.98759470099534,14481986.345741436,-10518013.654258564,11.666666666666666,0.0,Below performance screen,False
333241,Joelinton,Newcastle United,MF,28.0,1951,25000000,19408284.8181679,-5591715.181832101,-22.366860727328405,14445355.054326277,-10554644.945673723,33.77483443708609,1.0,Below performance screen,False
620322,Malo Gusto,Chelsea,DF,22.0,2261,35000000,33591299.71774367,-1408700.2822563276,-4.024857949303793,24108775.383598946,-10891224.616401054,30.833333333333336,4.0,Below performance screen,False
605184,Jean-Clair Todibo,West Ham United,DF,25.0,1814,22000000,15133403.292511193,-6866596.707488807,-31.211803215858215,11067162.62721744,-10932837.37278256,40.0,2.0,Below performance screen,False
1006411,Jaydee Canvot,Crystal Palace,DF,19.0,1336,28000000,22934255.40160611,-5065744.598393891,-18.091944994263898,17063124.10742204,-10936875.892577961,74.16666666666667,3.0,"Needs 1,800 minutes",False
522784,Valentín Castellanos,West Ham United,FW,26.0,1384,28000000,22087760.07405213,-5912239.925947871,-21.115142592670967,16433330.168435194,-11566669.831564806,39.53488372093023,3.0,"Needs 1,800 minutes",False
394327,Boubacar Kamara,Aston Villa,MF,25.0,1411,40000000,38133999.587467715,-1866000.4125322849,-4.665001031330712,28382681.60384979,-11617318.396150209,50.331125827814574,1.0,"Needs 1,800 minutes",False
479999,Eberechi Eze,Arsenal,MF,27.0,1895,65000000,72968209.29763618,7968209.297636181,12.258783534824895,53362157.7938922,-11637842.206107803,46.35761589403973,2.0,Below performance screen,False
420002,Jean-Philippe Mateta,Crystal Palace,FW,28.0,2218,30000000,24618381.649565563,-5381618.350434437,-17.938727834781456,18003593.151979297,-11996406.848020703,60.46511627906976,2.0,Gap within model uncertainty,False
485585,Ian Maatsen,Aston Villa,DF,23.0,1605,30000000,23268382.393311508,-6731617.606688492,-22.438725355628307,17732494.88931053,-12267505.110689469,20.833333333333336,0.0,"Needs 1,800 minutes",False
493003,Daniel Muñoz,Crystal Palace,MF,29.0,2399,22000000,12500198.362039138,-9499801.637960862,-43.180916536185734,9526218.76594374,-12473781.23405626,38.41059602649007,0.0,Below performance screen,False
556385,Destiny Udogie,Tottenham Hotspur,DF,22.0,1339,30000000,23362495.363915704,-6637504.636084296,-22.125015453614317,17388426.88365957,-12611573.116340429,5.0,1.0,"Needs 1,800 minutes",False
484547,Jeremie Frimpong,Liverpool,DF,24.0,1040,35000000,29549101.034173712,-5450898.965826288,-15.573997045217963,21984580.317656126,-13015419.682343874,8.333333333333332,3.0,"Needs 1,800 minutes",False
855256,Alex Scott,Bournemouth,MF,21.0,2849,50000000,50543839.52693239,543839.5269323885,1.0876790538647771,36963060.49280331,-13036939.507196687,74.50331125827815,2.0,Gap within model uncertainty,False
413507,Nikola Milenković,Nottingham Forest,DF,27.0,3375,28000000,20428752.86037897,-7571247.139621031,-27.040168355789394,14939688.530718772,-13060311.469281228,35.0,2.0,Below performance screen,False
330659,Justin Kluivert,Bournemouth,MF,26.0,952,25000000,15975374.344614187,-9024625.655385813,-36.09850262154325,11885704.966210771,-13114295.033789229,50.993377483443716,3.0,"Needs 1,800 minutes",False
249565,Youri Tielemans,Aston Villa,MF,28.0,1862,30000000,22691936.23188016,-7308063.768119842,-24.36021256039947,16882838.240003593,-13117161.759996407,88.74172185430463,3.0,Gap within model uncertainty,False
398065,Harvey Barnes,Newcastle United,FW,27.0,1966,32000000,25783473.161060177,-6216526.838939823,-19.426646371686946,18855632.663325317,-13144367.336674683,69.76744186046511,2.0,Gap within model uncertainty,False
349701,Antonee Robinson,Fulham,DF,27.0,1492,22000000,12190089.750101155,-9809910.249898845,-44.59050113590384,8748935.948271502,-13251064.051728498,61.66666666666667,4.0,"Needs 1,800 minutes",False
444523,Lucas Paquetá,West Ham United,MF,27.0,1511,32000000,25518217.602065053,-6481782.397934947,-20.25556999354671,18661649.43141756,-13338350.568582442,79.13907284768213,2.0,"Needs 1,800 minutes",False
475959,Joško Gvardiol,Manchester City,DF,23.0,1372,70000000,76040981.31900041,6040981.319000408,8.629973312857727,56596396.77617312,-13403603.223826878,67.5,1.0,"Needs 1,800 minutes",False
258919,Dean Henderson,Crystal Palace,GK,28.0,3330,28000000,15265799.20105428,-12734200.79894572,-45.47928856766329,14580093.471657353,-13419906.528342647,,3.0,Model evidence too weak,False
823486,Michael Kayode,Brentford,DF,21.0,3258,40000000,34838667.91350221,-5161332.086497791,-12.903330216244477,26550040.868199073,-13449959.131800927,42.916666666666664,0.0,Below performance screen,False
553875,Pedro Porro,Tottenham Hotspur,DF,25.0,2796,35000000,29332560.235912647,-5667439.764087353,-16.19268504024958,21451104.68174432,-13548895.318255682,35.833333333333336,2.0,Below performance screen,False
670858,Lewis Hall,Newcastle United,DF,20.0,2181,40000000,36786770.57403149,-3213229.425968513,-8.033073564921283,26402193.34207224,-13597806.657927759,68.33333333333333,4.0,Gap within model uncertainty,False
880245,Mateus Fernandes,West Ham United,MF,21.0,3016,50000000,47196178.89963281,-2803821.1003671885,-5.607642200734377,35967519.90228871,-14032480.097711287,83.44370860927152,0.0,Gap within model uncertainty,False
460939,Tijjani Reijnders,Manchester City,MF,27.0,1631,50000000,48257577.55143095,-1742422.448569052,-3.4848448971381036,35903718.12588573,-14096281.874114268,45.033112582781456,3.0,"Needs 1,800 minutes",False
503987,Noni Madueke,Arsenal,FW,23.0,1211,50000000,47161888.18468789,-2838111.81531211,-5.676223630624221,35088523.40510554,-14911476.594894461,81.3953488372093,3.0,"Needs 1,800 minutes",False
258889,Dominic Solanke,Tottenham Hotspur,FW,27.0,1001,28000000,17157248.41286168,-10842751.587138321,-38.72411281120829,13075288.74156835,-14924711.25843165,44.18604651162791,0.0,"Needs 1,800 minutes",False
568693,Pape Matar Sarr,Tottenham Hotspur,MF,22.0,1397,30000000,20062862.764770184,-9937137.235229816,-33.12379078409939,14926803.184829114,-15073196.815170886,47.019867549668874,3.0,"Needs 1,800 minutes",False
413403,Ezri Konsa,Aston Villa,DF,27.0,3035,40000000,32576519.346873693,-7423480.653126307,-18.558701632815765,24826090.412307907,-15173909.587692093,52.5,0.0,Gap within model uncertainty,False
505219,James Garner,Everton,MF,24.0,3413,45000000,40607731.98737205,-4392268.012627952,-9.760595583617672,29696716.064777996,-15303283.935222004,92.05298013245033,2.0,Gap within model uncertainty,False
361093,Sven Botman,Newcastle United,DF,25.0,1835,35000000,25642072.05372103,-9357927.94627897,-26.736936989368488,19085088.67264434,-15914911.32735566,92.5,1.0,Gap within model uncertainty,False
842341,Maxime Estève,Burnley,DF,23.0,2932,28000000,15568025.44635938,-12431974.55364062,-44.399909120145075,11582636.704847585,-16417363.295152415,47.5,3.0,Below performance screen,False
659813,Piero Hincapié,Arsenal,DF,23.0,1792,50000000,45114832.431039274,-4885167.568960726,-9.770335137921453,33578432.373695225,-16421567.626304775,85.41666666666666,1.0,"Needs 1,800 minutes",False
709726,Hugo Ekitike,Liverpool,FW,23.0,1803,80000000,86899079.7058656,6899079.705865607,8.623849632332009,63549900.04258971,-16450099.95741029,100.0,2.0,Gap within model uncertainty,False
488362,Conor Gallagher,Tottenham Hotspur,MF,25.0,1184,32000000,20226618.24753755,-11773381.75246245,-36.79181797644516,15414410.762043945,-16585589.237956055,43.04635761589404,0.0,"Needs 1,800 minutes",False
583189,Anthony Elanga,Newcastle United,FW,23.0,1319,32000000,20114777.8765718,-11885222.1234282,-37.141319135713125,14971189.42600484,-17028810.573995158,37.2093023255814,1.0,"Needs 1,800 minutes",False
148455,Mohamed Salah,Liverpool,MF,33.0,2146,22000000,6571974.963313563,-15428025.036686437,-70.1273865303929,4891442.461826551,-17108557.53817345,60.59602649006622,1.0,Gap within model uncertainty,False
607223,Rayan Cherki,Manchester City,MF,21.0,1786,90000000,97458567.46903926,7458567.469039261,8.287297187821402,72509336.8855316,-17490663.114468396,100.0,3.0,"Needs 1,800 minutes",False
503749,Jacob Ramsey,Newcastle United,MF,24.0,1450,35000000,24310967.54285941,-10689032.457140591,-30.540092734687402,17448198.13921674,-17551801.86078326,47.682119205298015,4.0,"Needs 1,800 minutes",False
646750,Cristhian Mosquera,Arsenal,DF,21.0,994,40000000,30963502.32129353,-9036497.67870647,-22.591244196766176,22222781.73468509,-17777218.26531491,78.33333333333333,4.0,"Needs 1,800 minutes",False
406635,Phil Foden,Manchester City,MF,25.0,2086,70000000,71266989.16840066,1266989.1684006602,1.8099845262866574,52118043.70216186,-17881956.297838137,87.41721854304636,2.0,Gap within model uncertainty,False
485706,Amadou Onana,Aston Villa,MF,23.0,1758,45000000,36868237.77946036,-8131762.220539637,-18.070582712310305,26961997.98799535,-18038002.01200465,19.867549668874172,2.0,"Needs 1,800 minutes",False
470607,Brennan Johnson,Crystal Palace,MF,24.0,1722,30000000,16286075.1884183,-13713924.8115817,-45.713082705272335,11910119.587457485,-18089880.412542515,5.298013245033113,2.0,"Needs 1,800 minutes",False
480762,Lisandro Martínez,Manchester Utd,DF,27.0,1233,40000000,30422078.371859156,-9577921.628140844,-23.94480407035211,21834196.933062825,-18165803.066937175,70.83333333333334,4.0,"Needs 1,800 minutes",False
743413,Nico O’Reilly,Manchester City,DF,20.0,2646,70000000,72141257.23844063,2141257.238440633,3.058938912058047,51776424.01897303,-18223575.98102697,38.333333333333336,4.0,Below performance screen,False
1012534,Yankuba Minteh,Brighton,MF,21.0,2391,45000000,35681071.92191031,-9318928.078089692,-20.708729062421536,26556996.747574884,-18443003.252425116,81.45695364238411,1.0,Gap within model uncertainty,False
922693,Archie Gray,Tottenham Hotspur,MF,19.0,1478,35000000,22124544.955825757,-12875455.044174243,-36.78701441192641,16467035.134280138,-18532964.865719862,2.980132450331126,1.0,"Needs 1,800 minutes",False
557459,Micky van de Ven,Tottenham Hotspur,DF,24.0,3041,50000000,41825191.46714302,-8174808.5328569785,-16.349617065713957,31129991.77159448,-18870008.22840552,25.833333333333336,1.0,Below performance screen,False
866246,Lucas Bergvall,Tottenham Hotspur,MF,19.0,965,35000000,21096566.58664338,-13903433.41335662,-39.7240954667332,16077385.71334808,-18922614.28665192,22.516556291390728,0.0,"Needs 1,800 minutes",False
365108,Dan Ndoye,Nottingham Forest,MF,24.0,1173,32000000,17637035.959919255,-14362964.040080745,-44.884262625252326,12658257.866152184,-19341742.133847818,29.80132450331126,4.0,"Needs 1,800 minutes",False
543499,Mohammed Kudus,Tottenham Hotspur,MF,24.0,1535,50000000,41589314.622158416,-8410685.377841584,-16.82137075568317,30414554.260523,-19585445.739477,89.40397350993378,2.0,"Needs 1,800 minutes",False
623570,Iliman Ndiaye,Everton,MF,25.0,2778,55000000,47461235.46938243,-7538764.530617572,-13.706844601122858,35311238.28540801,-19688761.714591987,92.71523178807946,3.0,Gap within model uncertainty,False
410225,Ismaila Sarr,Crystal Palace,MF,27.0,2174,40000000,27228148.496198792,-12771851.503801208,-31.929628759503018,19541884.950141672,-20458115.049858328,3.9735099337748347,4.0,Below performance screen,False
735570,João Gomes,Wolves,MF,24.0,2829,40000000,26299311.45575358,-13700688.54424642,-34.25172136061605,18875250.314791903,-21124749.685208097,57.615894039735096,4.0,Gap within model uncertainty,False
743600,Andrey Santos,Chelsea,MF,21.0,1260,40000000,24628988.25843285,-15371011.74156715,-38.427529353917876,18769392.790742364,-21230607.209257636,17.880794701986755,0.0,"Needs 1,800 minutes",False
423440,Martín Zubimendi,Arsenal,MF,26.0,2992,75000000,74599253.8620796,-400746.13792039454,-0.5343281838938594,53540550.13748475,-21459449.86251525,25.165562913907287,4.0,Below performance screen,False
583255,Antoine Semenyo,Bournemouth,MF,25.0,3195,80000000,78120219.61112046,-1879780.3888795376,-2.349725486099422,58121573.74674472,-21878426.253255278,55.62913907284768,3.0,Gap within model uncertainty,False
567576,Elliot Anderson,Nottingham Forest,MF,22.0,3331,75000000,72096395.8634946,-2903604.136505395,-3.8714721820071936,52724594.57668364,-22275405.42331636,98.67549668874173,2.0,Gap within model uncertainty,False
357565,Rodri,Manchester City,MF,29.0,1511,50000000,37884573.5677265,-12115426.4322735,-24.230852864547,27705251.40616408,-22294748.59383592,93.37748344370861,2.0,"Needs 1,800 minutes",False
763079,Abdukodir Khusanov,Manchester City,DF,21.0,1432,50000000,36173239.51024021,-13826760.489759788,-27.653520979519577,26912950.41899044,-23087049.58100956,96.66666666666667,3.0,"Needs 1,800 minutes",False
568177,Cole Palmer,Chelsea,MF,23.0,1955,100000000,102619613.10809882,2619613.10809882,2.61961310809882,76349163.46993402,-23650836.530065984,64.23841059602648,3.0,Gap within model uncertainty,False
316264,Martin Ødegaard,Arsenal,MF,26.0,1369,65000000,54202731.23298001,-10797268.767019987,-16.611182718492287,41307111.327666044,-23692888.672333956,85.43046357615894,0.0,"Needs 1,800 minutes",False
904802,Jorrel Hato,Chelsea,DF,19.0,1148,40000000,21225715.392144453,-18774284.607855547,-46.935711519638865,15791967.483811663,-24208032.51618834,54.166666666666664,3.0,"Needs 1,800 minutes",False
478573,Ryan Gravenberch,Liverpool,MF,23.0,2992,80000000,76174252.23050411,-3825747.7694958895,-4.782184711869862,55706759.249593206,-24293240.750406794,52.317880794701985,2.0,Gap within model uncertainty,False
503981,Valentino Livramento,Newcastle United,DF,22.0,1328,45000000,28260715.129780527,-16739284.870219473,-37.19841082270994,20282967.240445424,-24717032.759554576,14.166666666666666,4.0,"Needs 1,800 minutes",False
355915,Cristian Romero,Tottenham Hotspur,DF,27.0,1868,45000000,26270922.24010666,-18729077.75989334,-41.620172799762976,20020686.749948807,-24979313.250051193,100.0,0.0,Gap within model uncertainty,False
258004,Rúben Dias,Manchester City,DF,28.0,2141,55000000,40019511.6036799,-14980488.396320097,-27.237251629672905,29774583.287233397,-25225416.712766603,63.33333333333333,3.0,Gap within model uncertainty,False
434224,Maxence Lacroix,Crystal Palace,DF,25.0,3085,50000000,33692582.734111086,-16307417.265888914,-32.61483453177783,24639619.405413575,-25360380.594586425,93.33333333333333,2.0,Gap within model uncertainty,False
503733,Anthony Gordon,Newcastle United,FW,24.0,1795,65000000,55188535.00944857,-9811464.990551427,-15.094561523925272,39609303.94385944,-25390696.056140557,93.02325581395348,4.0,"Needs 1,800 minutes",False
1005649,Murillo,Nottingham Forest,DF,23.0,2130,50000000,32969497.18482849,-17030502.81517151,-34.06100563034302,24538803.955484167,-25461196.044515833,56.25,1.0,Gap within model uncertainty,False
520624,Bruno Guimarães,Newcastle United,MF,27.0,2453,70000000,59178605.754085265,-10821394.245914735,-15.459134637021052,44045931.41106834,-25954068.588931657,97.35099337748345,1.0,Gap within model uncertainty,False
434675,Cody Gakpo,Liverpool,MF,26.0,2737,60000000,45380578.51455527,-14619421.485444732,-24.36570247574122,33776224.01961368,-26223775.980386317,59.60264900662252,1.0,Gap within model uncertainty,False
392757,Marc Guéhi,Crystal Palace,DF,25.0,3150,70000000,58650327.284472816,-11349672.715527184,-16.213818165038834,42891391.271564774,-27108608.728435226,99.16666666666667,2.0,Gap within model uncertainty,False
429983,Jørgen Strand Larsen,Wolves,FW,25.0,2307,40000000,17113000.639728464,-22886999.360271536,-57.217498400678835,12732100.831815053,-27267899.168184947,2.3255813953488373,3.0,Below performance screen,False
923831,Leny Yoro,Manchester Utd,DF,19.0,1740,50000000,30776032.478474345,-19223967.521525655,-38.44793504305131,22506725.95445968,-27493274.04554032,65.83333333333333,2.0,"Needs 1,800 minutes",False
472423,Reece James,Chelsea,DF,25.0,1963,60000000,42134499.74433278,-17865500.255667217,-29.775833759445362,30813251.925476946,-29186748.074523054,94.58333333333333,2.0,Gap within model uncertainty,False
451276,Dominik Szoboszlai,Liverpool,MF,24.0,3231,100000000,94734475.56524187,-5265524.434758127,-5.2655244347581265,70509741.97401029,-29490258.02598971,96.68874172185431,1.0,Gap within model uncertainty,False
517894,Matheus Cunha,Manchester Utd,MF,26.0,2494,75000000,59196875.70123367,-15803124.29876633,-21.070832398355105,45113076.04627159,-29886923.953728408,62.913907284768214,0.0,Gap within model uncertainty,False
325443,Viktor Gyökeres,Arsenal,FW,27.0,2224,65000000,47106889.41644587,-17893110.583554126,-27.52786243623712,35061096.66998095,-29938903.33001905,65.11627906976744,1.0,Gap within model uncertainty,False
429014,Morgan Gibbs-White,Nottingham Forest,MF,25.0,3097,70000000,53344907.28075847,-16655092.71924153,-23.79298959891647,39688699.950199164,-30311300.049800836,36.423841059602644,3.0,Below performance screen,False
487465,Pedro Neto,Chelsea,MF,25.0,2631,60000000,39538486.91452218,-20461513.08547782,-34.102521809129705,29428024.79918232,-30571975.20081768,77.48344370860927,1.0,Gap within model uncertainty,False
455661,Nick Woltemade,Newcastle United,FW,23.0,1902,55000000,34030269.50302101,-20969730.49697899,-38.12678272177998,24423827.917031135,-30576172.082968865,53.48837209302325,4.0,Gap within model uncertainty,False
955357,Eli Junior Kroupi,Bournemouth,MF,19.0,1672,70000000,51760677.76980202,-18239322.23019798,-26.056174614568544,38524855.93216047,-31475144.067839533,15.894039735099339,1.0,"Needs 1,800 minutes",False
413039,Bryan Mbeumo,Manchester Utd,MF,25.0,2609,75000000,58298336.190235145,-16701663.809764855,-22.268885079686473,43390757.25541477,-31609242.74458523,40.397350993377486,1.0,Below performance screen,False
627442,Benjamin Šeško,Manchester Utd,FW,22.0,1643,75000000,57326058.962257326,-17673941.037742674,-23.565254716990232,42650683.457468286,-32349316.542531714,51.162790697674424,3.0,"Needs 1,800 minutes",False
973085,Carlos Baleba,Brighton,MF,21.0,1652,55000000,30314647.6329581,-24685352.3670419,-44.882458849167094,22554148.267097235,-32445851.732902765,10.596026490066226,3.0,"Needs 1,800 minutes",False
503743,Morgan Rogers,Aston Villa,MF,23.0,3280,90000000,79744530.58890033,-10255469.411099672,-11.394966012332969,57233361.17451414,-32766638.825485863,42.384105960264904,4.0,Below performance screen,False
284857,Marc Cucurella,Chelsea,DF,27.0,2707,50000000,21732118.15120832,-28267881.84879168,-56.53576369758336,15597334.910289876,-34402665.089710124,42.916666666666664,4.0,Below performance screen,False
648195,Enzo Fernández,Chelsea,MF,24.0,3115,90000000,73398655.70358805,-16601344.296411946,-18.445938107124384,54629745.28084279,-35370254.71915721,76.15894039735099,1.0,Gap within model uncertainty,False
495666,William Saliba,Arsenal,DF,24.0,2614,100000000,87183849.41333698,-12816150.586663023,-12.816150586663023,63758154.10676085,-36241845.89323915,69.16666666666667,2.0,Gap within model uncertainty,False
820374,Kobbie Mainoo,Manchester Utd,MF,20.0,1662,70000000,42587356.44259687,-27412643.557403132,-39.160919367718755,31685064.140661884,-38314935.85933812,75.49668874172185,3.0,"Needs 1,800 minutes",False
598577,Florian Wirtz,Liverpool,MF,22.0,2378,100000000,82713105.6992548,-17286894.300745204,-17.286894300745203,60488668.18920125,-39511331.81079875,94.03973509933775,2.0,Gap within model uncertainty,False
1012564,Rayan,Bournemouth,MF,18.0,1111,60000000,25470723.4630192,-34529276.5369808,-57.54879422830133,18950260.585927654,-41049739.41407235,49.668874172185426,3.0,"Needs 1,800 minutes",False
744149,Adam Wharton,Crystal Palace,MF,21.0,2552,70000000,35224147.10317831,-34775852.89682169,-49.67978985260242,26843808.940987106,-43156191.05901289,88.0794701986755,0.0,Gap within model uncertainty,False
534033,Alexis Mac Allister,Liverpool,MF,26.0,2658,70000000,32883124.030763734,-37116875.96923627,-53.02410852748039,25059749.373690084,-44940250.62630992,20.52980132450331,0.0,Below performance screen,False
397033,Sandro Tonali,Newcastle United,MF,25.0,2534,80000000,34878539.35388169,-45121460.64611831,-56.401825807647896,26580426.311857924,-53419573.688142076,68.21192052980133,0.0,Gap within model uncertainty,False
357662,Declan Rice,Arsenal,MF,26.0,3094,120000000,85352510.01803748,-34647489.98196252,-28.8729083183021,63526856.721366026,-56473143.278633974,95.36423841059603,1.0,Gap within model uncertainty,False
687626,Moisés Caicedo,Chelsea,MF,23.0,2795,100000000,60380788.2396783,-39619211.7603217,-39.6192117603217,43335830.43672923,-56664169.56327077,61.920529801324506,4.0,Gap within model uncertainty,False
418560,Erling Haaland,Manchester City,FW,25.0,2953,200000000,127227420.33034651,-72772579.66965349,-36.38628983482675,91312255.00606278,-108687744.99393722,86.04651162790698,4.0,Gap within model uncertainty,False
